Game Week,Home Team,Away Team,Score,Attendance,Venue,Referee,Date,URL
J1,Athletic Club,Getafe,1–1,"47,845",San Mamés,Alejandro Muñíz,2024-08-15,https://fbref.com/en/matches/32bb9a67/Athletic-Club-Getafe-August-15-2024-La-Liga
J1,Betis,Girona,1–1,"54,084",Estadio Benito Villamarín,Miguel Ángel Ortiz Arias,2024-08-15,https://fbref.com/en/matches/f13e982e/Real-Betis-Girona-August-15-2024-La-Liga
J1,Celta Vigo,Alavés,2–1,"22,477",Estadio Abanca Balaídos,Alejandro Quintero,2024-08-16,https://fbref.com/en/matches/3c487349/Celta-Vigo-Alaves-August-16-2024-La-Liga
J1,Las Palmas,Sevilla,2–2,"24,843",Estadio de Gran Canaria,Francisco Hernández,2024-08-16,https://fbref.com/en/matches/82605913/Las-Palmas-Sevilla-August-16-2024-La-Liga
J1,Osasuna,Leganés,1–1,"19,561",Estadio El Sadar,Juan Pulido,2024-08-17,https://fbref.com/en/matches/e593cd07/Osasuna-Leganes-August-17-2024-La-Liga
J1,Valencia,Barcelona,1–2,"46,673",Estadio de Mestalla,Jose Maria Sánchez,2024-08-17,https://fbref.com/en/matches/6f0fac43/Valencia-Barcelona-August-17-2024-La-Liga
J1,Real Sociedad,Rayo Vallecano,1–2,"31,763",Reale Arena,Alejandro Hernández,2024-08-18,https://fbref.com/en/matches/e826cf9e/Real-Sociedad-Rayo-Vallecano-August-18-2024-La-Liga
J1,Mallorca,Real Madrid,1–1,"23,010",Estadi Mallorca Son Moix,César Soto,2024-08-18,https://fbref.com/en/matches/c6b7a6e0/Mallorca-Real-Madrid-August-18-2024-La-Liga
J1,Valladolid,Espanyol,1–0,"22,027",Estadio Municipal José Zorrilla,Pablo González,2024-08-19,https://fbref.com/en/matches/43c02c2b/Valladolid-Espanyol-August-19-2024-La-Liga
J1,Villarreal,Atlético Madrid,2–2,"21,566",Estadio de la Cerámica,Guillermo Cuadra,2024-08-19,https://fbref.com/en/matches/2a59dd47/Villarreal-Atletico-Madrid-August-19-2024-La-Liga
J2,Celta Vigo,Valencia,3–1,"23,519",Estadio Abanca Balaídos,José Luis Munuera,2024-08-23,https://fbref.com/en/matches/95447cec/Celta-Vigo-Valencia-August-23-2024-La-Liga
J2,Sevilla,Villarreal,1–2,"34,004",Estadio Ramón Sánchez Pizjuán,Isidro Díaz de Mera,2024-08-23,https://fbref.com/en/matches/0d54805a/Sevilla-Villarreal-August-23-2024-La-Liga
J2,Osasuna,Mallorca,1–0,"19,900",Estadio El Sadar,Adrián Cordero,2024-08-24,https://fbref.com/en/matches/384225d1/Osasuna-Mallorca-August-24-2024-La-Liga
J2,Barcelona,Athletic Club,2–1,"46,448",Estadi Olímpic Lluís Companys,Jesús Gil,2024-08-24,https://fbref.com/en/matches/87bc9bba/Barcelona-Athletic-Club-August-24-2024-La-Liga
J2,Getafe,Rayo Vallecano,0–0,"9,529",Coliseum Alfonso Pérez,Javier Alberola,2024-08-24,https://fbref.com/en/matches/e11566fd/Getafe-Rayo-Vallecano-August-24-2024-La-Liga
J2,Espanyol,Real Sociedad,0–1,"20,900",RCDE Stadium,Mario Melero,2024-08-24,https://fbref.com/en/matches/3c8fe9de/Espanyol-Real-Sociedad-August-24-2024-La-Liga
J2,Real Madrid,Valladolid,3–0,"70,178",Estadio Santiago Bernabéu,Víctor García,2024-08-25,https://fbref.com/en/matches/3f2f6c96/Real-Madrid-Valladolid-August-25-2024-La-Liga
J2,Leganés,Las Palmas,2–1,"10,052",Estadio Municipal de Butarque,Ricardo de Burgos,2024-08-25,https://fbref.com/en/matches/b1f96209/Leganes-Las-Palmas-August-25-2024-La-Liga
J2,Alavés,Betis,0–0,"16,623",Estadio de Mendizorroza,Mateo Busquets,2024-08-25,https://fbref.com/en/matches/b757e16f/Alaves-Real-Betis-August-25-2024-La-Liga
J2,Atlético Madrid,Girona,3–0,"60,414",Riyadh Air Metropolitan Stadium,Juan Martínez,2024-08-25,https://fbref.com/en/matches/c6c0a3d3/Atletico-Madrid-Girona-August-25-2024-La-Liga
J3,Villarreal,Celta Vigo,4–3,"19,651",Estadio de la Cerámica,Miguel Ángel Ortiz Arias,2024-08-26,https://fbref.com/en/matches/050fe7c2/Villarreal-Celta-Vigo-August-26-2024-La-Liga
J3,Mallorca,Sevilla,0–0,"20,470",Estadi Mallorca Son Moix,Alejandro Muñíz,2024-08-27,https://fbref.com/en/matches/6049a447/Mallorca-Sevilla-August-27-2024-La-Liga
J3,Rayo Vallecano,Barcelona,1–2,"14,031",Campo de Fútbol de Vallecas,César Soto,2024-08-27,https://fbref.com/en/matches/f8fc00c7/Rayo-Vallecano-Barcelona-August-27-2024-La-Liga
J3,Athletic Club,Valencia,1–0,"48,644",San Mamés,Pablo González,2024-08-28,https://fbref.com/en/matches/acc2bc45/Athletic-Club-Valencia-August-28-2024-La-Liga
J3,Valladolid,Leganés,0–0,"21,764",Estadio Municipal José Zorrilla,Alejandro Quintero,2024-08-28,https://fbref.com/en/matches/843a0b94/Valladolid-Leganes-August-28-2024-La-Liga
J3,Atlético Madrid,Espanyol,0–0,"56,669",Riyadh Air Metropolitan Stadium,Ricardo de Burgos,2024-08-28,https://fbref.com/en/matches/ef04c85d/Atletico-Madrid-Espanyol-August-28-2024-La-Liga
J3,Real Sociedad,Alavés,1–2,"32,220",Reale Arena,Jose Maria Sánchez,2024-08-28,https://fbref.com/en/matches/71669703/Real-Sociedad-Alaves-August-28-2024-La-Liga
J3,Girona,Osasuna,4–0,"13,275",Estadi Municipal de Montilivi,Francisco Hernández,2024-08-29,https://fbref.com/en/matches/6e8b4c78/Girona-Osasuna-August-29-2024-La-Liga
J3,Las Palmas,Real Madrid,1–1,"31,192",Estadio de Gran Canaria,Mateo Busquets,2024-08-29,https://fbref.com/en/matches/173a87bb/Las-Palmas-Real-Madrid-August-29-2024-La-Liga
J4,Barcelona,Valladolid,7–0,"44,359",Estadi Olímpic Lluís Companys,Isidro Díaz de Mera,2024-08-31,https://fbref.com/en/matches/3ed1b8ff/Barcelona-Valladolid-August-31-2024-La-Liga
J4,Athletic Club,Atlético Madrid,0–1,"48,617",San Mamés,Alejandro Hernández,2024-08-31,https://fbref.com/en/matches/d554e8b9/Athletic-Club-Atletico-Madrid-August-31-2024-La-Liga
J4,Espanyol,Rayo Vallecano,2–1,"22,405",RCDE Stadium,Adrián Cordero,2024-08-31,https://fbref.com/en/matches/02bfae4e/Espanyol-Rayo-Vallecano-August-31-2024-La-Liga
J4,Valencia,Villarreal,1–1,"43,857",Estadio de Mestalla,Jesús Gil,2024-08-31,https://fbref.com/en/matches/e79d506b/Valencia-Villarreal-August-31-2024-La-Liga
J4,Leganés,Mallorca,0–1,"10,482",Estadio Municipal de Butarque,Mario Melero,2024-08-31,https://fbref.com/en/matches/2053d836/Leganes-Mallorca-August-31-2024-La-Liga
J4,Alavés,Las Palmas,2–0,"16,386",Estadio de Mendizorroza,Víctor García,2024-09-01,https://fbref.com/en/matches/572463cb/Alaves-Las-Palmas-September-1-2024-La-Liga
J4,Osasuna,Celta Vigo,3–2,"19,908",Estadio El Sadar,Juan Martínez,2024-09-01,https://fbref.com/en/matches/7aa26780/Osasuna-Celta-Vigo-September-1-2024-La-Liga
J4,Sevilla,Girona,0–2,"35,735",Estadio Ramón Sánchez Pizjuán,Jose Maria Sánchez,2024-09-01,https://fbref.com/en/matches/50cdc0c9/Sevilla-Girona-September-1-2024-La-Liga
J4,Getafe,Real Sociedad,0–0,"10,929",Coliseum Alfonso Pérez,José Luis Munuera,2024-09-01,https://fbref.com/en/matches/5a140caa/Getafe-Real-Sociedad-September-1-2024-La-Liga
J4,Real Madrid,Betis,2–0,"73,072",Estadio Santiago Bernabéu,Javier Alberola,2024-09-01,https://fbref.com/en/matches/f8b3c447/Real-Madrid-Real-Betis-September-1-2024-La-Liga
J5,Betis,Leganés,2–0,"48,089",Estadio Benito Villamarín,Pablo González,2024-09-13,https://fbref.com/en/matches/3c660029/Real-Betis-Leganes-September-13-2024-La-Liga
J5,Mallorca,Villarreal,1–2,"18,303",Estadi Mallorca Son Moix,Ricardo de Burgos,2024-09-14,https://fbref.com/en/matches/4f2bd132/Mallorca-Villarreal-September-14-2024-La-Liga
J5,Espanyol,Alavés,3–2,"24,238",RCDE Stadium,Juan Pulido,2024-09-14,https://fbref.com/en/matches/28cd11c2/Espanyol-Alaves-September-14-2024-La-Liga
J5,Sevilla,Getafe,1–0,"32,643",Estadio Ramón Sánchez Pizjuán,Mateo Busquets,2024-09-14,https://fbref.com/en/matches/a214487d/Sevilla-Getafe-September-14-2024-La-Liga
J5,Real Sociedad,Real Madrid,0–2,"37,370",Reale Arena,Juan Martínez,2024-09-14,https://fbref.com/en/matches/50a17164/Real-Sociedad-Real-Madrid-September-14-2024-La-Liga
J5,Celta Vigo,Valladolid,3–1,"21,670",Estadio Abanca Balaídos,Francisco Hernández,2024-09-15,https://fbref.com/en/matches/72aa5092/Celta-Vigo-Valladolid-September-15-2024-La-Liga
J5,Girona,Barcelona,1–4,"13,891",Estadi Municipal de Montilivi,Alejandro Muñíz,2024-09-15,https://fbref.com/en/matches/f166ffc9/Girona-Barcelona-September-15-2024-La-Liga
J5,Las Palmas,Athletic Club,2–3,"25,908",Estadio de Gran Canaria,Miguel Ángel Ortiz Arias,2024-09-15,https://fbref.com/en/matches/defd20c7/Las-Palmas-Athletic-Club-September-15-2024-La-Liga
J5,Atlético Madrid,Valencia,3–0,"61,752",Riyadh Air Metropolitan Stadium,César Soto,2024-09-15,https://fbref.com/en/matches/e1e5325c/Atletico-Madrid-Valencia-September-15-2024-La-Liga
J5,Rayo Vallecano,Osasuna,3–1,"13,073",Campo de Fútbol de Vallecas,Alejandro Quintero,2024-09-16,https://fbref.com/en/matches/b5605cb6/Rayo-Vallecano-Osasuna-September-16-2024-La-Liga
J7,Mallorca,Real Sociedad,1–0,"17,132",Estadi Mallorca Son Moix,Adrián Cordero,2024-09-17,https://fbref.com/en/matches/6ced9ec5/Mallorca-Real-Sociedad-September-17-2024-La-Liga
J3,Betis,Getafe,2–1,"48,547",Estadio Benito Villamarín,Juan Pulido,2024-09-18,https://fbref.com/en/matches/d2722540/Real-Betis-Getafe-September-18-2024-La-Liga
J7,Leganés,Athletic Club,0–2,"8,304",Estadio Municipal de Butarque,Francisco Hernández,2024-09-19,https://fbref.com/en/matches/613f75be/Leganes-Athletic-Club-September-19-2024-La-Liga
J6,Alavés,Sevilla,2–1,"16,538",Estadio de Mendizorroza,Javier Alberola,2024-09-20,https://fbref.com/en/matches/f32a65e4/Alaves-Sevilla-September-20-2024-La-Liga
J6,Valladolid,Real Sociedad,0–0,"21,171",Estadio Municipal José Zorrilla,Guillermo Cuadra,2024-09-21,https://fbref.com/en/matches/cddbefd1/Valladolid-Real-Sociedad-September-21-2024-La-Liga
J6,Osasuna,Las Palmas,2–1,"19,043",Estadio El Sadar,Isidro Díaz de Mera,2024-09-21,https://fbref.com/en/matches/9c8b0304/Osasuna-Las-Palmas-September-21-2024-La-Liga
J6,Valencia,Girona,2–0,"40,896",Estadio de Mestalla,Alejandro Hernández,2024-09-21,https://fbref.com/en/matches/131899cd/Valencia-Girona-September-21-2024-La-Liga
J6,Real Madrid,Espanyol,4–1,"17,284",Estadio Santiago Bernabéu,José Luis Munuera,2024-09-21,https://fbref.com/en/matches/a46e38e7/Real-Madrid-Espanyol-September-21-2024-La-Liga
J6,Getafe,Leganés,1–1,"13,060",Coliseum Alfonso Pérez,Adrián Cordero,2024-09-22,https://fbref.com/en/matches/f5dbb50d/Getafe-Leganes-September-22-2024-La-Liga
J6,Athletic Club,Celta Vigo,3–1,"48,737",San Mamés,Jose Maria Sánchez,2024-09-22,https://fbref.com/en/matches/d67421c6/Athletic-Club-Celta-Vigo-September-22-2024-La-Liga
J6,Villarreal,Barcelona,1–5,"22,048",Estadio de la Cerámica,Mateo Busquets,2024-09-22,https://fbref.com/en/matches/79c38937/Villarreal-Barcelona-September-22-2024-La-Liga
J6,Rayo Vallecano,Atlético Madrid,1–1,"13,646",Campo de Fútbol de Vallecas,Mario Melero,2024-09-22,https://fbref.com/en/matches/75fab2fb/Rayo-Vallecano-Atletico-Madrid-September-22-2024-La-Liga
J6,Betis,Mallorca,1–2,"47,017",Estadio Benito Villamarín,Víctor García,2024-09-23,https://fbref.com/en/matches/c7505bdc/Real-Betis-Mallorca-September-23-2024-La-Liga
J7,Sevilla,Valladolid,2–1,"35,292",Estadio Ramón Sánchez Pizjuán,Juan Pulido,2024-09-24,https://fbref.com/en/matches/3ee384b4/Sevilla-Valladolid-September-24-2024-La-Liga
J7,Valencia,Osasuna,0–0,"40,425",Estadio de Mestalla,Miguel Ángel Ortiz Arias,2024-09-24,https://fbref.com/en/matches/b979258f/Valencia-Osasuna-September-24-2024-La-Liga
J7,Real Madrid,Alavés,3–2,"67,480",Estadio Santiago Bernabéu,Alejandro Muñíz,2024-09-24,https://fbref.com/en/matches/618988b7/Real-Madrid-Alaves-September-24-2024-La-Liga
J7,Girona,Rayo Vallecano,0–0,"12,272",Estadi Municipal de Montilivi,Juan Martínez,2024-09-25,https://fbref.com/en/matches/07598e53/Girona-Rayo-Vallecano-September-25-2024-La-Liga
J7,Barcelona,Getafe,1–0,"44,407",Estadi Olímpic Lluís Companys,Pablo González,2024-09-25,https://fbref.com/en/matches/231f83bc/Barcelona-Getafe-September-25-2024-La-Liga
J7,Las Palmas,Betis,1–1,"22,722",Estadio de Gran Canaria,Jose Maria Sánchez,2024-09-26,https://fbref.com/en/matches/94fe3705/Las-Palmas-Real-Betis-September-26-2024-La-Liga
J7,Espanyol,Villarreal,1–2,"23,147",RCDE Stadium,Alejandro Quintero,2024-09-26,https://fbref.com/en/matches/aef7cc8d/Espanyol-Villarreal-September-26-2024-La-Liga
J7,Celta Vigo,Atlético Madrid,0–1,"21,533",Estadio Abanca Balaídos,Víctor García,2024-09-26,https://fbref.com/en/matches/01197df1/Celta-Vigo-Atletico-Madrid-September-26-2024-La-Liga
J8,Valladolid,Mallorca,1–2,"20,388",Estadio Municipal José Zorrilla,José Luis Munuera,2024-09-27,https://fbref.com/en/matches/d59e698a/Valladolid-Mallorca-September-27-2024-La-Liga
J8,Getafe,Alavés,2–0,"10,006",Coliseum Alfonso Pérez,Isidro Díaz de Mera,2024-09-28,https://fbref.com/en/matches/c745f73f/Getafe-Alaves-September-28-2024-La-Liga
J8,Rayo Vallecano,Leganés,1–1,"13,186",Campo de Fútbol de Vallecas,Alejandro Muñíz,2024-09-28,https://fbref.com/en/matches/edd88e45/Rayo-Vallecano-Leganes-September-28-2024-La-Liga
J8,Real Sociedad,Valencia,3–0,"32,332",Reale Arena,Javier Alberola,2024-09-28,https://fbref.com/en/matches/6dfa7503/Real-Sociedad-Valencia-September-28-2024-La-Liga
J8,Osasuna,Barcelona,4–2,"22,322",Estadio El Sadar,Guillermo Cuadra,2024-09-28,https://fbref.com/en/matches/d5c58cc9/Osasuna-Barcelona-September-28-2024-La-Liga
J8,Celta Vigo,Girona,1–1,"21,347",Estadio Abanca Balaídos,Ricardo de Burgos,2024-09-29,https://fbref.com/en/matches/4c283fa8/Celta-Vigo-Girona-September-29-2024-La-Liga
J8,Athletic Club,Sevilla,1–1,"48,288",San Mamés,César Soto,2024-09-29,https://fbref.com/en/matches/9b519ed0/Athletic-Club-Sevilla-September-29-2024-La-Liga
J8,Betis,Espanyol,1–0,"53,065",Estadio Benito Villamarín,Alejandro Hernández,2024-09-29,https://fbref.com/en/matches/650b3ea7/Real-Betis-Espanyol-September-29-2024-La-Liga
J8,Atlético Madrid,Real Madrid,1–1,"70,112",Riyadh Air Metropolitan Stadium,Mateo Busquets,2024-09-29,https://fbref.com/en/matches/0df1f571/El-Derbi-Madrileno-Atletico-Madrid-Real-Madrid-September-29-2024-La-Liga
J8,Villarreal,Las Palmas,3–1,"18,159",Estadio de la Cerámica,Mario Melero,2024-09-30,https://fbref.com/en/matches/3ecbf46e/Villarreal-Las-Palmas-September-30-2024-La-Liga
J9,Leganés,Valencia,0–0,"10,958",Estadio Municipal de Butarque,Alejandro Quintero,2024-10-04,https://fbref.com/en/matches/18dc29a4/Leganes-Valencia-October-4-2024-La-Liga
J9,Espanyol,Mallorca,2–1,"24,434",RCDE Stadium,Francisco Hernández,2024-10-05,https://fbref.com/en/matches/d2dd62e7/Espanyol-Mallorca-October-5-2024-La-Liga
J9,Getafe,Osasuna,1–1,"10,670",Coliseum Alfonso Pérez,Jose Maria Sánchez,2024-10-05,https://fbref.com/en/matches/fdd30e13/Getafe-Osasuna-October-5-2024-La-Liga
J9,Las Palmas,Celta Vigo,0–1,"21,482",Estadio de Gran Canaria,Adrián Cordero,2024-10-05,https://fbref.com/en/matches/8f767bea/Las-Palmas-Celta-Vigo-October-5-2024-La-Liga
J9,Valladolid,Rayo Vallecano,1–2,"21,112",Estadio Municipal José Zorrilla,Pablo González,2024-10-05,https://fbref.com/en/matches/59703f58/Valladolid-Rayo-Vallecano-October-5-2024-La-Liga
J9,Real Madrid,Villarreal,2–0,"73,842",Estadio Santiago Bernabéu,Guillermo Cuadra,2024-10-05,https://fbref.com/en/matches/9bf91e35/Real-Madrid-Villarreal-October-5-2024-La-Liga
J9,Girona,Athletic Club,2–1,"13,396",Estadi Municipal de Montilivi,Juan Pulido,2024-10-06,https://fbref.com/en/matches/7d98a38f/Girona-Athletic-Club-October-6-2024-La-Liga
J9,Alavés,Barcelona,0–3,"19,468",Estadio de Mendizorroza,Miguel Ángel Ortiz Arias,2024-10-06,https://fbref.com/en/matches/ba5dd68e/Alaves-Barcelona-October-6-2024-La-Liga
J9,Sevilla,Betis,1–0,"42,571",Estadio Ramón Sánchez Pizjuán,Juan Martínez,2024-10-06,https://fbref.com/en/matches/c9404de2/Sevilla-Real-Betis-October-6-2024-La-Liga
J9,Real Sociedad,Atlético Madrid,1–1,"31,983",Reale Arena,Isidro Díaz de Mera,2024-10-06,https://fbref.com/en/matches/069145b6/Real-Sociedad-Atletico-Madrid-October-6-2024-La-Liga
J10,Alavés,Valladolid,2–3,"16,904",Estadio de Mendizorroza,Mario Melero,2024-10-18,https://fbref.com/en/matches/a0c7186e/Alaves-Valladolid-October-18-2024-La-Liga
J10,Athletic Club,Espanyol,4–1,"46,713",San Mamés,Mateo Busquets,2024-10-19,https://fbref.com/en/matches/0425fc2d/Athletic-Club-Espanyol-October-19-2024-La-Liga
J10,Osasuna,Betis,1–2,"21,045",Estadio El Sadar,Alejandro Muñíz,2024-10-19,https://fbref.com/en/matches/5ea3b789/Osasuna-Real-Betis-October-19-2024-La-Liga
J10,Girona,Real Sociedad,0–1,"12,602",Estadi Municipal de Montilivi,César Soto,2024-10-19,https://fbref.com/en/matches/ec18b3aa/Girona-Real-Sociedad-October-19-2024-La-Liga
J10,Celta Vigo,Real Madrid,1–2,"24,445",Estadio Abanca Balaídos,Alejandro Hernández,2024-10-19,https://fbref.com/en/matches/50bf3afb/Celta-Vigo-Real-Madrid-October-19-2024-La-Liga
J10,Mallorca,Rayo Vallecano,1–0,"18,316",Estadi Mallorca Son Moix,Javier Alberola,2024-10-20,https://fbref.com/en/matches/477327f9/Mallorca-Rayo-Vallecano-October-20-2024-La-Liga
J10,Atlético Madrid,Leganés,3–1,"60,122",Riyadh Air Metropolitan Stadium,José Luis Munuera,2024-10-20,https://fbref.com/en/matches/d32fffe0/Atletico-Madrid-Leganes-October-20-2024-La-Liga
J10,Villarreal,Getafe,1–1,"19,355",Estadio de la Cerámica,Víctor García,2024-10-20,https://fbref.com/en/matches/bfba2fd7/Villarreal-Getafe-October-20-2024-La-Liga
J10,Barcelona,Sevilla,5–1,"47,848",Estadi Olímpic Lluís Companys,Ricardo de Burgos,2024-10-20,https://fbref.com/en/matches/5f73bf47/Barcelona-Sevilla-October-20-2024-La-Liga
J10,Valencia,Las Palmas,2–3,"42,453",Estadio de Mestalla,Jesús Gil,2024-10-21,https://fbref.com/en/matches/9bb16911/Valencia-Las-Palmas-October-21-2024-La-Liga
J11,Espanyol,Sevilla,0–2,"23,656",RCDE Stadium,Miguel Ángel Ortiz Arias,2024-10-25,https://fbref.com/en/matches/38d25c90/Espanyol-Sevilla-October-25-2024-La-Liga
J11,Valladolid,Villarreal,1–2,"20,178",Estadio Municipal José Zorrilla,Francisco Hernández,2024-10-26,https://fbref.com/en/matches/591dbf90/Valladolid-Villarreal-October-26-2024-La-Liga
J11,Rayo Vallecano,Alavés,1–0,"13,010",Campo de Fútbol de Vallecas,Adrián Cordero,2024-10-26,https://fbref.com/en/matches/55b7dfaa/Rayo-Vallecano-Alaves-October-26-2024-La-Liga
J11,Las Palmas,Girona,1–0,"21,506",Estadio de Gran Canaria,Alejandro Quintero,2024-10-26,https://fbref.com/en/matches/9dbc3e14/Las-Palmas-Girona-October-26-2024-La-Liga
J11,Real Madrid,Barcelona,0–4,"78,192",Estadio Santiago Bernabéu,Jose Maria Sánchez,2024-10-26,https://fbref.com/en/matches/e6bc2844/El-Clasico-Real-Madrid-Barcelona-October-26-2024-La-Liga
J11,Leganés,Celta Vigo,3–0,"11,358",Estadio Municipal de Butarque,Mario Melero,2024-10-27,https://fbref.com/en/matches/597f83c1/Leganes-Celta-Vigo-October-27-2024-La-Liga
J11,Getafe,Valencia,1–1,"12,412",Coliseum Alfonso Pérez,Guillermo Cuadra,2024-10-27,https://fbref.com/en/matches/f0be0a37/Getafe-Valencia-October-27-2024-La-Liga
J11,Betis,Atlético Madrid,1–0,"52,621",Estadio Benito Villamarín,Jesús Gil,2024-10-27,https://fbref.com/en/matches/ffc4972d/Real-Betis-Atletico-Madrid-October-27-2024-La-Liga
J11,Real Sociedad,Osasuna,0–2,"31,729",Reale Arena,Juan Pulido,2024-10-27,https://fbref.com/en/matches/722b1ca2/Real-Sociedad-Osasuna-October-27-2024-La-Liga
J11,Mallorca,Athletic Club,0–0,"19,797",Estadi Mallorca Son Moix,Juan Martínez,2024-10-28,https://fbref.com/en/matches/46815a4a/Mallorca-Athletic-Club-October-28-2024-La-Liga
J12,Alavés,Mallorca,1–0,"17,212",Estadio de Mendizorroza,Pablo González,2024-11-01,https://fbref.com/en/matches/454dc8c7/Alaves-Mallorca-November-1-2024-La-Liga
J12,Osasuna,Valladolid,1–0,"20,430",Estadio El Sadar,Víctor García,2024-11-02,https://fbref.com/en/matches/377a6000/Osasuna-Valladolid-November-2-2024-La-Liga
J12,Girona,Leganés,4–3,"10,839",Estadi Municipal de Montilivi,Mateo Busquets,2024-11-02,https://fbref.com/en/matches/12ce04dc/Girona-Leganes-November-2-2024-La-Liga
J12,Atlético Madrid,Las Palmas,2–0,"56,610",Riyadh Air Metropolitan Stadium,Ricardo de Burgos,2024-11-03,https://fbref.com/en/matches/60a46aeb/Atletico-Madrid-Las-Palmas-November-3-2024-La-Liga
J12,Barcelona,Espanyol,3–1,"48,843",Estadi Olímpic Lluís Companys,José Luis Munuera,2024-11-03,https://fbref.com/en/matches/90cf8629/Barcelona-Espanyol-November-3-2024-La-Liga
J12,Sevilla,Real Sociedad,0–2,"37,619",Estadio Ramón Sánchez Pizjuán,Alejandro Muñíz,2024-11-03,https://fbref.com/en/matches/81dad4eb/Sevilla-Real-Sociedad-November-3-2024-La-Liga
J12,Athletic Club,Betis,1–1,"46,898",San Mamés,Javier Alberola,2024-11-03,https://fbref.com/en/matches/ef8bf64a/Athletic-Club-Real-Betis-November-3-2024-La-Liga
J12,Celta Vigo,Getafe,1–0,"19,502",Estadio Abanca Balaídos,Jesús Gil,2024-11-04,https://fbref.com/en/matches/652b900c/Celta-Vigo-Getafe-November-4-2024-La-Liga
J13,Rayo Vallecano,Las Palmas,1–3,"12,978",Campo de Fútbol de Vallecas,Francisco Hernández,2024-11-08,https://fbref.com/en/matches/abe69737/Rayo-Vallecano-Las-Palmas-November-8-2024-La-Liga
J13,Real Madrid,Osasuna,4–0,"72,462",Estadio Santiago Bernabéu,Mario Melero,2024-11-09,https://fbref.com/en/matches/79bd89e0/Real-Madrid-Osasuna-November-9-2024-La-Liga
J13,Villarreal,Alavés,3–0,"17,659",Estadio de la Cerámica,Alejandro Quintero,2024-11-09,https://fbref.com/en/matches/570273ee/Villarreal-Alaves-November-9-2024-La-Liga
J13,Leganés,Sevilla,1–0,"11,167",Estadio Municipal de Butarque,Juan Pulido,2024-11-09,https://fbref.com/en/matches/7925ae38/Leganes-Sevilla-November-9-2024-La-Liga
J13,Betis,Celta Vigo,2–2,"54,015",Estadio Benito Villamarín,Miguel Ángel Ortiz Arias,2024-11-10,https://fbref.com/en/matches/2307f9b9/Real-Betis-Celta-Vigo-November-10-2024-La-Liga
J13,Mallorca,Atlético Madrid,0–1,"19,500",Estadi Mallorca Son Moix,Jose Maria Sánchez,2024-11-10,https://fbref.com/en/matches/f6040fa5/Mallorca-Atletico-Madrid-November-10-2024-La-Liga
J13,Valladolid,Athletic Club,1–1,"23,515",Estadio Municipal José Zorrilla,Adrián Cordero,2024-11-10,https://fbref.com/en/matches/57eb3b4f/Valladolid-Athletic-Club-November-10-2024-La-Liga
J13,Getafe,Girona,0–1,"10,923",Coliseum Alfonso Pérez,Juan Martínez,2024-11-10,https://fbref.com/en/matches/26d75d6d/Getafe-Girona-November-10-2024-La-Liga
J13,Real Sociedad,Barcelona,1–0,"36,194",Reale Arena,Guillermo Cuadra,2024-11-10,https://fbref.com/en/matches/5f83ac85/Real-Sociedad-Barcelona-November-10-2024-La-Liga
J14,Getafe,Valladolid,2–0,"9,991",Coliseum Alfonso Pérez,Pablo González,2024-11-22,https://fbref.com/en/matches/7f56d98f/Getafe-Valladolid-November-22-2024-La-Liga
J14,Valencia,Betis,4–2,"43,975",Estadio de Mestalla,Ricardo de Burgos,2024-11-23,https://fbref.com/en/matches/818dc175/Valencia-Real-Betis-November-23-2024-La-Liga
J14,Atlético Madrid,Alavés,2–1,"58,910",Riyadh Air Metropolitan Stadium,Víctor García,2024-11-23,https://fbref.com/en/matches/27871b65/Atletico-Madrid-Alaves-November-23-2024-La-Liga
J14,Las Palmas,Mallorca,2–3,"22,940",Estadio de Gran Canaria,Alejandro Muñíz,2024-11-23,https://fbref.com/en/matches/243cb41c/Las-Palmas-Mallorca-November-23-2024-La-Liga
J14,Girona,Espanyol,4–1,"12,461",Estadi Municipal de Montilivi,Alejandro Hernández,2024-11-23,https://fbref.com/en/matches/cdb994ab/Girona-Espanyol-November-23-2024-La-Liga
J14,Celta Vigo,Barcelona,2–2,"24,573",Estadio Abanca Balaídos,César Soto,2024-11-23,https://fbref.com/en/matches/ffb1fa1d/Celta-Vigo-Barcelona-November-23-2024-La-Liga
J14,Osasuna,Villarreal,2–2,"19,795",Estadio El Sadar,José Luis Munuera,2024-11-24,https://fbref.com/en/matches/e5de943f/Osasuna-Villarreal-November-24-2024-La-Liga
J14,Sevilla,Rayo Vallecano,1–0,"35,125",Estadio Ramón Sánchez Pizjuán,Mateo Busquets,2024-11-24,https://fbref.com/en/matches/e88639fb/Sevilla-Rayo-Vallecano-November-24-2024-La-Liga
J14,Leganés,Real Madrid,0–3,"12,338",Estadio Municipal de Butarque,Javier Alberola,2024-11-24,https://fbref.com/en/matches/e2ee9d3d/Leganes-Real-Madrid-November-24-2024-La-Liga
J14,Athletic Club,Real Sociedad,1–0,"50,719",San Mamés,Jesús Gil,2024-11-24,https://fbref.com/en/matches/fa0d939a/Athletic-Club-Real-Sociedad-November-24-2024-La-Liga
J15,Mallorca,Valencia,2–1,"17,717",Estadi Mallorca Son Moix,Alejandro Quintero,2024-11-29,https://fbref.com/en/matches/fc79d1e0/Mallorca-Valencia-November-29-2024-La-Liga
J15,Barcelona,Las Palmas,1–2,"43,921",Estadi Olímpic Lluís Companys,Adrián Cordero,2024-11-30,https://fbref.com/en/matches/00bca7c4/Barcelona-Las-Palmas-November-30-2024-La-Liga
J15,Alavés,Leganés,1–1,"16,881",Estadio de Mendizorroza,Isidro Díaz de Mera,2024-11-30,https://fbref.com/en/matches/62f87a02/Alaves-Leganes-November-30-2024-La-Liga
J15,Espanyol,Celta Vigo,3–1,"23,792",RCDE Stadium,Jose Maria Sánchez,2024-11-30,https://fbref.com/en/matches/2f5ca11f/Espanyol-Celta-Vigo-November-30-2024-La-Liga
J15,Valladolid,Atlético Madrid,0–5,"23,482",Estadio Municipal José Zorrilla,Guillermo Cuadra,2024-11-30,https://fbref.com/en/matches/34a6798a/Valladolid-Atletico-Madrid-November-30-2024-La-Liga
J15,Villarreal,Girona,2–2,"17,732",Estadio de la Cerámica,Miguel Ángel Ortiz Arias,2024-12-01,https://fbref.com/en/matches/0b823038/Villarreal-Girona-December-1-2024-La-Liga
J15,Real Madrid,Getafe,2–0,"74,341",Estadio Santiago Bernabéu,Alejandro Hernández,2024-12-01,https://fbref.com/en/matches/6e3da6f1/Real-Madrid-Getafe-December-1-2024-La-Liga
J15,Rayo Vallecano,Athletic Club,1–2,"13,639",Campo de Fútbol de Vallecas,Mario Melero,2024-12-01,https://fbref.com/en/matches/8dcf829f/Rayo-Vallecano-Athletic-Club-December-1-2024-La-Liga
J15,Real Sociedad,Betis,2–0,"28,119",Reale Arena,Francisco Hernández,2024-12-01,https://fbref.com/en/matches/11bcd802/Real-Sociedad-Real-Betis-December-1-2024-La-Liga
J15,Sevilla,Osasuna,1–1,"31,536",Estadio Ramón Sánchez Pizjuán,Juan Martínez,2024-12-02,https://fbref.com/en/matches/018fa1b4/Sevilla-Osasuna-December-2-2024-La-Liga
J19,Mallorca,Barcelona,1–5,"22,352",Estadi Mallorca Son Moix,Jesús Gil,2024-12-03,https://fbref.com/en/matches/fce1658d/Mallorca-Barcelona-December-3-2024-La-Liga
J19,Athletic Club,Real Madrid,2–1,"51,364",San Mamés,Jose Maria Sánchez,2024-12-04,https://fbref.com/en/matches/8eba22e2/Athletic-Club-Real-Madrid-December-4-2024-La-Liga
J16,Celta Vigo,Mallorca,2–0,"22,861",Estadio Abanca Balaídos,Ricardo de Burgos,2024-12-06,https://fbref.com/en/matches/b53b2cc8/Celta-Vigo-Mallorca-December-6-2024-La-Liga
J16,Las Palmas,Valladolid,2–1,"21,610",Estadio de Gran Canaria,Isidro Díaz de Mera,2024-12-07,https://fbref.com/en/matches/036a4747/Las-Palmas-Valladolid-December-7-2024-La-Liga
J16,Betis,Barcelona,2–2,"51,749",Estadio Benito Villamarín,Alejandro Muñíz,2024-12-07,https://fbref.com/en/matches/fb5d09d6/Real-Betis-Barcelona-December-7-2024-La-Liga
J16,Valencia,Rayo Vallecano,0–1,"40,968",Estadio de Mestalla,José Luis Munuera,2024-12-07,https://fbref.com/en/matches/24f9975b/Valencia-Rayo-Vallecano-December-7-2024-La-Liga
J16,Girona,Real Madrid,0–3,"13,827",Estadi Municipal de Montilivi,Jesús Gil,2024-12-07,https://fbref.com/en/matches/6ebd56ef/Girona-Real-Madrid-December-7-2024-La-Liga
J16,Leganés,Real Sociedad,0–3,"11,312",Estadio Municipal de Butarque,Pablo González,2024-12-08,https://fbref.com/en/matches/37cd2f6c/Leganes-Real-Sociedad-December-8-2024-La-Liga
J16,Athletic Club,Villarreal,2–0,"47,203",San Mamés,Víctor García,2024-12-08,https://fbref.com/en/matches/8f9e0139/Athletic-Club-Villarreal-December-8-2024-La-Liga
J16,Osasuna,Alavés,2–2,"18,220",Estadio El Sadar,César Soto,2024-12-08,https://fbref.com/en/matches/ee8fb4af/Osasuna-Alaves-December-8-2024-La-Liga
J16,Atlético Madrid,Sevilla,4–3,"60,065",Riyadh Air Metropolitan Stadium,Javier Alberola,2024-12-08,https://fbref.com/en/matches/8c459ad5/Atletico-Madrid-Sevilla-December-8-2024-La-Liga
J16,Getafe,Espanyol,1–0,"7,559",Coliseum Alfonso Pérez,Mateo Busquets,2024-12-09,https://fbref.com/en/matches/8a159d42/Getafe-Espanyol-December-9-2024-La-Liga
J17,Valladolid,Valencia,1–0,"18,449",Estadio Municipal José Zorrilla,Miguel Ángel Ortiz Arias,2024-12-13,https://fbref.com/en/matches/b7bb2f84/Valladolid-Valencia-December-13-2024-La-Liga
J17,Espanyol,Osasuna,0–0,"20,513",RCDE Stadium,Adrián Cordero,2024-12-14,https://fbref.com/en/matches/4525bc01/Espanyol-Osasuna-December-14-2024-La-Liga
J17,Mallorca,Girona,2–1,"15,866",Estadi Mallorca Son Moix,Francisco Hernández,2024-12-14,https://fbref.com/en/matches/5632f505/Mallorca-Girona-December-14-2024-La-Liga
J17,Sevilla,Celta Vigo,1–0,"37,295",Estadio Ramón Sánchez Pizjuán,Jesús Gil,2024-12-14,https://fbref.com/en/matches/6a475fea/Sevilla-Celta-Vigo-December-14-2024-La-Liga
J17,Rayo Vallecano,Real Madrid,3–3,"14,168",Campo de Fútbol de Vallecas,Juan Martínez,2024-12-14,https://fbref.com/en/matches/49cf201f/Rayo-Vallecano-Real-Madrid-December-14-2024-La-Liga
J17,Atlético Madrid,Getafe,1–0,"60,169",Riyadh Air Metropolitan Stadium,César Soto,2024-12-15,https://fbref.com/en/matches/25a5934a/Atletico-Madrid-Getafe-December-15-2024-La-Liga
J17,Alavés,Athletic Club,1–1,"19,239",Estadio de Mendizorroza,Jose Maria Sánchez,2024-12-15,https://fbref.com/en/matches/1fe130a9/Alaves-Athletic-Club-December-15-2024-La-Liga
J17,Real Sociedad,Las Palmas,0–0,"30,775",Reale Arena,Mario Melero,2024-12-15,https://fbref.com/en/matches/11192bf0/Real-Sociedad-Las-Palmas-December-15-2024-La-Liga
J17,Villarreal,Betis,1–2,"18,757",Estadio de la Cerámica,Guillermo Cuadra,2024-12-15,https://fbref.com/en/matches/2839ad16/Villarreal-Real-Betis-December-15-2024-La-Liga
J17,Barcelona,Leganés,0–1,"39,523",Estadi Olímpic Lluís Companys,Alejandro Quintero,2024-12-15,https://fbref.com/en/matches/e7bdcc56/Barcelona-Leganes-December-15-2024-La-Liga
J12,Villarreal,Rayo Vallecano,1–1,"14,000",Estadio de la Cerámica,Alejandro Hernández,2024-12-18,https://fbref.com/en/matches/a11727e1/Villarreal-Rayo-Vallecano-December-18-2024-La-Liga
J13,Espanyol,Valencia,1–1,"18,122",RCDE Stadium,Pablo González,2024-12-18,https://fbref.com/en/matches/8cc12868/Espanyol-Valencia-December-18-2024-La-Liga
J18,Girona,Valladolid,3–0,"9,534",Estadi Municipal de Montilivi,Pablo González,2024-12-20,https://fbref.com/en/matches/0c8db441/Girona-Valladolid-December-20-2024-La-Liga
J18,Getafe,Mallorca,0–1,"9,747",Coliseum Alfonso Pérez,José Luis Munuera,2024-12-21,https://fbref.com/en/matches/6358b738/Getafe-Mallorca-December-21-2024-La-Liga
J18,Celta Vigo,Real Sociedad,2–0,"22,956",Estadio Abanca Balaídos,Mateo Busquets,2024-12-21,https://fbref.com/en/matches/e9fe833a/Celta-Vigo-Real-Sociedad-December-21-2024-La-Liga
J18,Osasuna,Athletic Club,1–2,"22,030",Estadio El Sadar,Alejandro Quintero,2024-12-21,https://fbref.com/en/matches/7c1a412b/Osasuna-Athletic-Club-December-21-2024-La-Liga
J18,Barcelona,Atlético Madrid,1–2,"46,249",Estadi Olímpic Lluís Companys,Ricardo de Burgos,2024-12-21,https://fbref.com/en/matches/ac04a5d2/Barcelona-Atletico-Madrid-December-21-2024-La-Liga
J18,Valencia,Alavés,2–2,"37,586",Estadio de Mestalla,Javier Alberola,2024-12-22,https://fbref.com/en/matches/45dc71b5/Valencia-Alaves-December-22-2024-La-Liga
J18,Real Madrid,Sevilla,4–2,"75,227",Estadio Santiago Bernabéu,Isidro Díaz de Mera,2024-12-22,https://fbref.com/en/matches/b839d4ce/Real-Madrid-Sevilla-December-22-2024-La-Liga
J18,Las Palmas,Espanyol,1–0,"23,743",Estadio de Gran Canaria,César Soto,2024-12-22,https://fbref.com/en/matches/ebe2bfbd/Las-Palmas-Espanyol-December-22-2024-La-Liga
J18,Leganés,Villarreal,2–5,"11,034",Estadio Municipal de Butarque,Alejandro Muñíz,2024-12-22,https://fbref.com/en/matches/04b6223f/Leganes-Villarreal-December-22-2024-La-Liga
J18,Betis,Rayo Vallecano,1–1,"53,121",Estadio Benito Villamarín,Víctor García,2024-12-22,https://fbref.com/en/matches/aff51fb4/Real-Betis-Rayo-Vallecano-December-22-2024-La-Liga
J12,Valencia,Real Madrid,1–2,"46,420",Estadio de Mestalla,César Soto,2025-01-03,https://fbref.com/en/matches/15e84040/Valencia-Real-Madrid-January-3-2025-La-Liga
J19,Rayo Vallecano,Celta Vigo,2–1,"12,955",Campo de Fútbol de Vallecas,Guillermo Cuadra,2025-01-10,https://fbref.com/en/matches/e55b978c/Rayo-Vallecano-Celta-Vigo-January-10-2025-La-Liga
J19,Alavés,Girona,0–1,"16,454",Estadio de Mendizorroza,Mateo Busquets,2025-01-11,https://fbref.com/en/matches/66b19e25/Alaves-Girona-January-11-2025-La-Liga
J19,Valladolid,Betis,1–0,"21,911",Estadio Municipal José Zorrilla,Adrián Cordero,2025-01-11,https://fbref.com/en/matches/e9c90680/Valladolid-Real-Betis-January-11-2025-La-Liga
J19,Espanyol,Leganés,1–1,"26,606",RCDE Stadium,Juan Martínez,2025-01-11,https://fbref.com/en/matches/4fb3dc98/Espanyol-Leganes-January-11-2025-La-Liga
J19,Sevilla,Valencia,1–1,"34,297",Estadio Ramón Sánchez Pizjuán,Francisco Hernández,2025-01-11,https://fbref.com/en/matches/7652232d/Sevilla-Valencia-January-11-2025-La-Liga
J19,Las Palmas,Getafe,1–2,"23,698",Estadio de Gran Canaria,Javier Alberola,2025-01-12,https://fbref.com/en/matches/e1cfa735/Las-Palmas-Getafe-January-12-2025-La-Liga
J19,Atlético Madrid,Osasuna,1–0,"64,801",Riyadh Air Metropolitan Stadium,Isidro Díaz de Mera,2025-01-12,https://fbref.com/en/matches/2367dade/Atletico-Madrid-Osasuna-January-12-2025-La-Liga
J19,Real Sociedad,Villarreal,1–0,"20,855",Reale Arena,César Soto,2025-01-13,https://fbref.com/en/matches/ecd47b8a/Real-Sociedad-Villarreal-January-13-2025-La-Liga
J20,Espanyol,Valladolid,2–1,"23,554",RCDE Stadium,Ricardo de Burgos,2025-01-17,https://fbref.com/en/matches/75d8fa7a/Espanyol-Valladolid-January-17-2025-La-Liga
J20,Girona,Sevilla,1–2,"12,040",Estadi Municipal de Montilivi,Juan Martínez,2025-01-18,https://fbref.com/en/matches/5dbf000f/Girona-Sevilla-January-18-2025-La-Liga
J20,Leganés,Atlético Madrid,1–0,"12,371",Estadio Municipal de Butarque,Mario Melero,2025-01-18,https://fbref.com/en/matches/7ba8b655/Leganes-Atletico-Madrid-January-18-2025-La-Liga
J20,Betis,Alavés,1–3,"50,021",Estadio Benito Villamarín,Alejandro Hernández,2025-01-18,https://fbref.com/en/matches/fe96c24b/Real-Betis-Alaves-January-18-2025-La-Liga
J20,Getafe,Barcelona,1–1,"15,134",Coliseum Alfonso Pérez,Pablo González,2025-01-18,https://fbref.com/en/matches/ac3f8e9a/Getafe-Barcelona-January-18-2025-La-Liga
J20,Celta Vigo,Athletic Club,1–2,"22,279",Estadio Abanca Balaídos,Miguel Ángel Ortiz Arias,2025-01-19,https://fbref.com/en/matches/a5448163/Celta-Vigo-Athletic-Club-January-19-2025-La-Liga
J20,Real Madrid,Las Palmas,4–1,"74,808",Estadio Santiago Bernabéu,Alejandro Quintero,2025-01-19,https://fbref.com/en/matches/c8f36a4b/Real-Madrid-Las-Palmas-January-19-2025-La-Liga
J20,Osasuna,Rayo Vallecano,1–1,"20,770",Estadio El Sadar,Alejandro Muñíz,2025-01-19,https://fbref.com/en/matches/b85ff6cf/Osasuna-Rayo-Vallecano-January-19-2025-La-Liga
J20,Valencia,Real Sociedad,1–0,"40,791",Estadio de Mestalla,Víctor García,2025-01-19,https://fbref.com/en/matches/b0b640d3/Valencia-Real-Sociedad-January-19-2025-La-Liga
J20,Villarreal,Mallorca,4–0,"14,852",Estadio de la Cerámica,José Luis Munuera,2025-01-20,https://fbref.com/en/matches/fd632e2f/Villarreal-Mallorca-January-20-2025-La-Liga
J21,Las Palmas,Osasuna,1–1,"19,762",Estadio de Gran Canaria,Jesús Gil,2025-01-24,https://fbref.com/en/matches/28b22659/Las-Palmas-Osasuna-January-24-2025-La-Liga
J21,Mallorca,Betis,0–1,"19,452",Estadi Mallorca Son Moix,Javier Alberola,2025-01-25,https://fbref.com/en/matches/2395eb39/Mallorca-Real-Betis-January-25-2025-La-Liga
J21,Atlético Madrid,Villarreal,1–1,"63,596",Riyadh Air Metropolitan Stadium,Jose Maria Sánchez,2025-01-25,https://fbref.com/en/matches/6566ae8c/Atletico-Madrid-Villarreal-January-25-2025-La-Liga
J21,Sevilla,Espanyol,1–1,"33,602",Estadio Ramón Sánchez Pizjuán,Adrián Cordero,2025-01-25,https://fbref.com/en/matches/10db0915/Sevilla-Espanyol-January-25-2025-La-Liga
J21,Valladolid,Real Madrid,0–3,"26,025",Estadio Municipal José Zorrilla,Mateo Busquets,2025-01-25,https://fbref.com/en/matches/382d5e03/Valladolid-Real-Madrid-January-25-2025-La-Liga
J21,Rayo Vallecano,Girona,2–1,"12,405",Campo de Fútbol de Vallecas,Isidro Díaz de Mera,2025-01-26,https://fbref.com/en/matches/af7b751a/Rayo-Vallecano-Girona-January-26-2025-La-Liga
J21,Real Sociedad,Getafe,0–3,"30,004",Reale Arena,Guillermo Cuadra,2025-01-26,https://fbref.com/en/matches/2450ca46/Real-Sociedad-Getafe-January-26-2025-La-Liga
J21,Athletic Club,Leganés,0–0,"47,612",San Mamés,Alejandro Hernández,2025-01-26,https://fbref.com/en/matches/f17ca419/Athletic-Club-Leganes-January-26-2025-La-Liga
J21,Barcelona,Valencia,7–1,"45,312",Estadi Olímpic Lluís Companys,César Soto,2025-01-26,https://fbref.com/en/matches/77dda45d/Barcelona-Valencia-January-26-2025-La-Liga
J21,Alavés,Celta Vigo,1–1,"13,612",Estadio de Mendizorroza,Francisco Hernández,2025-01-27,https://fbref.com/en/matches/b418c449/Alaves-Celta-Vigo-January-27-2025-La-Liga
J22,Leganés,Rayo Vallecano,0–1,"11,432",Estadio Municipal de Butarque,Alejandro Quintero,2025-01-31,https://fbref.com/en/matches/43d7418a/Leganes-Rayo-Vallecano-January-31-2025-La-Liga
J22,Getafe,Sevilla,0–0,"11,730",Coliseum Alfonso Pérez,Ricardo de Burgos,2025-02-01,https://fbref.com/en/matches/b992fee4/Getafe-Sevilla-February-1-2025-La-Liga
J22,Villarreal,Valladolid,5–1,"17,032",Estadio de la Cerámica,Isidro Díaz de Mera,2025-02-01,https://fbref.com/en/matches/0688f714/Villarreal-Valladolid-February-1-2025-La-Liga
J22,Atlético Madrid,Mallorca,2–0,"60,710",Riyadh Air Metropolitan Stadium,Víctor García,2025-02-01,https://fbref.com/en/matches/15ceb2e9/Atletico-Madrid-Mallorca-February-1-2025-La-Liga
J22,Espanyol,Real Madrid,1–0,"33,669",RCDE Stadium,Alejandro Muñíz,2025-02-01,https://fbref.com/en/matches/bb8e8b39/Espanyol-Real-Madrid-February-1-2025-La-Liga
J22,Barcelona,Alavés,1–0,"42,900",Estadi Olímpic Lluís Companys,José Luis Munuera,2025-02-02,https://fbref.com/en/matches/5dd33e2b/Barcelona-Alaves-February-2-2025-La-Liga
J22,Valencia,Celta Vigo,2–1,"42,273",Estadio de Mestalla,Pablo González,2025-02-02,https://fbref.com/en/matches/85f339a3/Valencia-Celta-Vigo-February-2-2025-La-Liga
J22,Osasuna,Real Sociedad,2–1,"21,678",Estadio El Sadar,Miguel Ángel Ortiz Arias,2025-02-02,https://fbref.com/en/matches/2b4789d5/Osasuna-Real-Sociedad-February-2-2025-La-Liga
J22,Betis,Athletic Club,2–2,"49,292",Estadio Benito Villamarín,Juan Martínez,2025-02-02,https://fbref.com/en/matches/dc8dc26b/Real-Betis-Athletic-Club-February-2-2025-La-Liga
J22,Girona,Las Palmas,2–1,"10,088",Estadi Municipal de Montilivi,Mario Melero,2025-02-03,https://fbref.com/en/matches/0a6de3d3/Girona-Las-Palmas-February-3-2025-La-Liga
J23,Rayo Vallecano,Valladolid,1–0,"12,286",Campo de Fútbol de Vallecas,Jesús Gil,2025-02-07,https://fbref.com/en/matches/7bfbe87f/Rayo-Vallecano-Valladolid-February-7-2025-La-Liga
J23,Celta Vigo,Betis,3–2,"22,651",Estadio Abanca Balaídos,Mateo Busquets,2025-02-08,https://fbref.com/en/matches/7d25dd93/Celta-Vigo-Real-Betis-February-8-2025-La-Liga
J23,Athletic Club,Girona,3–0,"48,261",San Mamés,Jose Maria Sánchez,2025-02-08,https://fbref.com/en/matches/87b1fc3e/Athletic-Club-Girona-February-8-2025-La-Liga
J23,Las Palmas,Villarreal,1–2,"22,909",Estadio de Gran Canaria,Francisco Hernández,2025-02-08,https://fbref.com/en/matches/117692e2/Las-Palmas-Villarreal-February-8-2025-La-Liga
J23,Real Madrid,Atlético Madrid,1–1,"78,082",Estadio Santiago Bernabéu,César Soto,2025-02-08,https://fbref.com/en/matches/442c5b57/El-Derbi-Madrileno-Real-Madrid-Atletico-Madrid-February-8-2025-La-Liga
J23,Alavés,Getafe,0–1,"16,236",Estadio de Mendizorroza,Isidro Díaz de Mera,2025-02-09,https://fbref.com/en/matches/39db2a13/Alaves-Getafe-February-9-2025-La-Liga
J23,Valencia,Leganés,2–0,"42,312",Estadio de Mestalla,Guillermo Cuadra,2025-02-09,https://fbref.com/en/matches/89c7a794/Valencia-Leganes-February-9-2025-La-Liga
J23,Real Sociedad,Espanyol,2–1,"29,478",Reale Arena,Javier Alberola,2025-02-09,https://fbref.com/en/matches/39cd05e4/Real-Sociedad-Espanyol-February-9-2025-La-Liga
J23,Sevilla,Barcelona,1–4,"38,592",Estadio Ramón Sánchez Pizjuán,Alejandro Hernández,2025-02-09,https://fbref.com/en/matches/57bc3e19/Sevilla-Barcelona-February-9-2025-La-Liga
J23,Mallorca,Osasuna,1–1,"15,378",Estadi Mallorca Son Moix,Adrián Cordero,2025-02-10,https://fbref.com/en/matches/64cac73e/Mallorca-Osasuna-February-10-2025-La-Liga
J24,Girona,Getafe,1–2,"10,354",Estadi Municipal de Montilivi,Alejandro Quintero,2025-02-14,https://fbref.com/en/matches/2702096e/Girona-Getafe-February-14-2025-La-Liga
J24,Leganés,Alavés,3–3,"10,681",Estadio Municipal de Butarque,Pablo González,2025-02-15,https://fbref.com/en/matches/5bf2e4ce/Leganes-Alaves-February-15-2025-La-Liga
J24,Osasuna,Real Madrid,1–1,"22,390",Estadio El Sadar,José Luis Munuera,2025-02-15,https://fbref.com/en/matches/c667c7ca/Osasuna-Real-Madrid-February-15-2025-La-Liga
J24,Atlético Madrid,Celta Vigo,1–1,"64,211",Riyadh Air Metropolitan Stadium,Juan Martínez,2025-02-15,https://fbref.com/en/matches/ec6e214e/Atletico-Madrid-Celta-Vigo-February-15-2025-La-Liga
J24,Villarreal,Valencia,1–1,"19,701",Estadio de la Cerámica,Ricardo de Burgos,2025-02-15,https://fbref.com/en/matches/71df1d23/Villarreal-Valencia-February-15-2025-La-Liga
J24,Espanyol,Athletic Club,1–1,"26,645",RCDE Stadium,Guillermo Cuadra,2025-02-16,https://fbref.com/en/matches/d0f5d736/Espanyol-Athletic-Club-February-16-2025-La-Liga
J24,Valladolid,Sevilla,0–4,"22,123",Estadio Municipal José Zorrilla,Javier Alberola,2025-02-16,https://fbref.com/en/matches/fbad97f4/Valladolid-Sevilla-February-16-2025-La-Liga
J24,Mallorca,Las Palmas,3–1,"18,475",Estadi Mallorca Son Moix,Miguel Ángel Ortiz Arias,2025-02-16,https://fbref.com/en/matches/041d6702/Mallorca-Las-Palmas-February-16-2025-La-Liga
J24,Betis,Real Sociedad,3–0,"48,758",Estadio Benito Villamarín,Jesús Gil,2025-02-16,https://fbref.com/en/matches/f7ee4708/Real-Betis-Real-Sociedad-February-16-2025-La-Liga
J24,Barcelona,Rayo Vallecano,1–0,"45,296",Estadi Olímpic Lluís Companys,Mario Melero,2025-02-17,https://fbref.com/en/matches/b299fca9/Barcelona-Rayo-Vallecano-February-17-2025-La-Liga
J25,Celta Vigo,Osasuna,1–0,"22,005",Estadio Abanca Balaídos,Jose Maria Sánchez,2025-02-21,https://fbref.com/en/matches/138c629e/Celta-Vigo-Osasuna-February-21-2025-La-Liga
J25,Alavés,Espanyol,0–1,"17,068",Estadio de Mendizorroza,Juan Pulido,2025-02-22,https://fbref.com/en/matches/776298df/Alaves-Espanyol-February-22-2025-La-Liga
J25,Rayo Vallecano,Villarreal,0–1,"13,373",Campo de Fútbol de Vallecas,Víctor García,2025-02-22,https://fbref.com/en/matches/4d0c9845/Rayo-Vallecano-Villarreal-February-22-2025-La-Liga
J25,Valencia,Atlético Madrid,0–3,"46,297",Estadio de Mestalla,Mateo Busquets,2025-02-22,https://fbref.com/en/matches/cc85a3d4/Valencia-Atletico-Madrid-February-22-2025-La-Liga
J25,Las Palmas,Barcelona,0–2,"30,746",Estadio de Gran Canaria,Adrián Cordero,2025-02-22,https://fbref.com/en/matches/6b455e82/Las-Palmas-Barcelona-February-22-2025-La-Liga
J25,Athletic Club,Valladolid,7–1,"47,715",San Mamés,César Soto,2025-02-23,https://fbref.com/en/matches/e42061f0/Athletic-Club-Valladolid-February-23-2025-La-Liga
J25,Real Madrid,Girona,2–0,"74,028",Estadio Santiago Bernabéu,Guillermo Cuadra,2025-02-23,https://fbref.com/en/matches/9289e6ed/Real-Madrid-Girona-February-23-2025-La-Liga
J25,Getafe,Betis,1–2,"13,964",Coliseum Alfonso Pérez,Javier Alberola,2025-02-23,https://fbref.com/en/matches/738f8f85/Getafe-Real-Betis-February-23-2025-La-Liga
J25,Real Sociedad,Leganés,3–0,"22,533",Reale Arena,Francisco Hernández,2025-02-23,https://fbref.com/en/matches/1182bc6e/Real-Sociedad-Leganes-February-23-2025-La-Liga
J25,Sevilla,Mallorca,1–1,"35,424",Estadio Ramón Sánchez Pizjuán,Alejandro Muñíz,2025-02-24,https://fbref.com/en/matches/409ec366/Sevilla-Mallorca-February-24-2025-La-Liga
J26,Valladolid,Las Palmas,1–1,"16,024",Estadio Municipal José Zorrilla,Ricardo de Burgos,2025-02-28,https://fbref.com/en/matches/d3f13884/Valladolid-Las-Palmas-February-28-2025-La-Liga
J26,Girona,Celta Vigo,2–2,"11,449",Estadi Municipal de Montilivi,Miguel Ángel Ortiz Arias,2025-03-01,https://fbref.com/en/matches/3865f1d2/Girona-Celta-Vigo-March-1-2025-La-Liga
J26,Rayo Vallecano,Sevilla,1–1,"11,947",Campo de Fútbol de Vallecas,Pablo González,2025-03-01,https://fbref.com/en/matches/3736c3d4/Rayo-Vallecano-Sevilla-March-1-2025-La-Liga
J26,Betis,Real Madrid,2–1,"55,873",Estadio Benito Villamarín,Alejandro Hernández,2025-03-01,https://fbref.com/en/matches/f1e4f58c/Real-Betis-Real-Madrid-March-1-2025-La-Liga
J26,Atlético Madrid,Athletic Club,1–0,"63,810",Riyadh Air Metropolitan Stadium,Jesús Gil,2025-03-01,https://fbref.com/en/matches/1971e698/Atletico-Madrid-Athletic-Club-March-1-2025-La-Liga
J26,Leganés,Getafe,1–0,"10,311",Estadio Municipal de Butarque,Alejandro Muñíz,2025-03-02,https://fbref.com/en/matches/f079fabc/Leganes-Getafe-March-2-2025-La-Liga
J26,Barcelona,Real Sociedad,4–0,"46,324",Estadi Olímpic Lluís Companys,Alejandro Quintero,2025-03-02,https://fbref.com/en/matches/0b2c987f/Barcelona-Real-Sociedad-March-2-2025-La-Liga
J26,Mallorca,Alavés,1–1,"17,702",Estadi Mallorca Son Moix,César Soto,2025-03-02,https://fbref.com/en/matches/6c84aa28/Mallorca-Alaves-March-2-2025-La-Liga
J26,Osasuna,Valencia,3–3,"19,230",Estadio El Sadar,Mario Melero,2025-03-02,https://fbref.com/en/matches/0580ab96/Osasuna-Valencia-March-2-2025-La-Liga
J27,Celta Vigo,Leganés,2–1,"17,326",Estadio Abanca Balaídos,Isidro Díaz de Mera,2025-03-08,https://fbref.com/en/matches/cb080ed5/Celta-Vigo-Leganes-March-8-2025-La-Liga
J27,Alavés,Villarreal,1–0,"16,582",Estadio de Mendizorroza,Miguel Ángel Ortiz Arias,2025-03-08,https://fbref.com/en/matches/fae6d2fd/Alaves-Villarreal-March-8-2025-La-Liga
J27,Valencia,Valladolid,2–1,"41,720",Estadio de Mestalla,Juan Pulido,2025-03-08,https://fbref.com/en/matches/585ef159/Valencia-Valladolid-March-8-2025-La-Liga
J27,Getafe,Atlético Madrid,2–1,"12,862",Coliseum Alfonso Pérez,Guillermo Cuadra,2025-03-09,https://fbref.com/en/matches/1e429e52/Getafe-Atletico-Madrid-March-9-2025-La-Liga
J27,Real Madrid,Rayo Vallecano,2–1,"74,170",Estadio Santiago Bernabéu,Francisco Hernández,2025-03-09,https://fbref.com/en/matches/d8d672fa/Real-Madrid-Rayo-Vallecano-March-9-2025-La-Liga
J27,Betis,Las Palmas,1–0,"49,292",Estadio Benito Villamarín,Jose Maria Sánchez,2025-03-09,https://fbref.com/en/matches/887132d0/Real-Betis-Las-Palmas-March-9-2025-La-Liga
J27,Athletic Club,Mallorca,1–1,"48,203",San Mamés,Alejandro Hernández,2025-03-09,https://fbref.com/en/matches/54fa5083/Athletic-Club-Mallorca-March-9-2025-La-Liga
J27,Real Sociedad,Sevilla,0–1,"25,478",Reale Arena,Víctor García,2025-03-09,https://fbref.com/en/matches/f1dd2f9a/Real-Sociedad-Sevilla-March-9-2025-La-Liga
J27,Espanyol,Girona,1–1,"23,997",RCDE Stadium,Adrián Cordero,2025-03-10,https://fbref.com/en/matches/4c7eab6f/Espanyol-Girona-March-10-2025-La-Liga
J28,Las Palmas,Alavés,2–2,"17,566",Estadio de Gran Canaria,Mario Melero,2025-03-14,https://fbref.com/en/matches/90b5ee8e/Las-Palmas-Alaves-March-14-2025-La-Liga
J28,Valladolid,Celta Vigo,0–1,"17,521",Estadio Municipal José Zorrilla,Víctor García,2025-03-15,https://fbref.com/en/matches/19ca64ed/Valladolid-Celta-Vigo-March-15-2025-La-Liga
J28,Mallorca,Espanyol,2–1,"18,240",Estadi Mallorca Son Moix,Alejandro Quintero,2025-03-15,https://fbref.com/en/matches/a008668e/Mallorca-Espanyol-March-15-2025-La-Liga
J28,Villarreal,Real Madrid,1–2,"20,559",Estadio de la Cerámica,Jesús Gil,2025-03-15,https://fbref.com/en/matches/4106e75f/Villarreal-Real-Madrid-March-15-2025-La-Liga
J28,Girona,Valencia,1–1,"10,262",Estadi Municipal de Montilivi,José Luis Munuera,2025-03-15,https://fbref.com/en/matches/c9bdc26a/Girona-Valencia-March-15-2025-La-Liga
J28,Leganés,Betis,2–3,"11,691",Estadio Municipal de Butarque,César Soto,2025-03-16,https://fbref.com/en/matches/37e0a484/Leganes-Real-Betis-March-16-2025-La-Liga
J28,Sevilla,Athletic Club,0–1,"37,016",Estadio Ramón Sánchez Pizjuán,Juan Pulido,2025-03-16,https://fbref.com/en/matches/b21dd238/Sevilla-Athletic-Club-March-16-2025-La-Liga
J28,Osasuna,Getafe,1–2,"19,611",Estadio El Sadar,Alejandro Hernández,2025-03-16,https://fbref.com/en/matches/bd9c5fd6/Osasuna-Getafe-March-16-2025-La-Liga
J28,Rayo Vallecano,Real Sociedad,2–2,"12,364",Campo de Fútbol de Vallecas,Alejandro Muñíz,2025-03-16,https://fbref.com/en/matches/6996fe18/Rayo-Vallecano-Real-Sociedad-March-16-2025-La-Liga
J28,Atlético Madrid,Barcelona,2–4,"67,602",Riyadh Air Metropolitan Stadium,Ricardo de Burgos,2025-03-16,https://fbref.com/en/matches/8ddf3820/Atletico-Madrid-Barcelona-March-16-2025-La-Liga
J27,Barcelona,Osasuna,3–0,"42,319",Estadi Olímpic Lluís Companys,Mateo Busquets,2025-03-27,https://fbref.com/en/matches/af815599/Barcelona-Osasuna-March-27-2025-La-Liga
J29,Real Sociedad,Valladolid,2–1,"28,151",Reale Arena,Adrián Cordero,2025-03-29,https://fbref.com/en/matches/8a068dcb/Real-Sociedad-Valladolid-March-29-2025-La-Liga
J29,Espanyol,Atlético Madrid,1–1,"30,559",RCDE Stadium,Javier Alberola,2025-03-29,https://fbref.com/en/matches/539f05d4/Espanyol-Atletico-Madrid-March-29-2025-La-Liga
J29,Alavés,Rayo Vallecano,0–2,"18,336",Estadio de Mendizorroza,José Luis Munuera,2025-03-29,https://fbref.com/en/matches/de9887c1/Alaves-Rayo-Vallecano-March-29-2025-La-Liga
J29,Real Madrid,Leganés,3–2,"73,641",Estadio Santiago Bernabéu,Pablo González,2025-03-29,https://fbref.com/en/matches/02169120/Real-Madrid-Leganes-March-29-2025-La-Liga
J29,Getafe,Villarreal,1–2,"11,406",Coliseum Alfonso Pérez,Isidro Díaz de Mera,2025-03-30,https://fbref.com/en/matches/9efb7811/Getafe-Villarreal-March-30-2025-La-Liga
J29,Barcelona,Girona,4–1,"48,258",Estadi Olímpic Lluís Companys,Juan Pulido,2025-03-30,https://fbref.com/en/matches/6e84530a/Barcelona-Girona-March-30-2025-La-Liga
J29,Valencia,Mallorca,1–0,"44,082",Estadio de Mestalla,Francisco Hernández,2025-03-30,https://fbref.com/en/matches/4223fbb4/Valencia-Mallorca-March-30-2025-La-Liga
J29,Athletic Club,Osasuna,0–0,"49,671",San Mamés,Guillermo Cuadra,2025-03-30,https://fbref.com/en/matches/7e4ab762/Athletic-Club-Osasuna-March-30-2025-La-Liga
J29,Betis,Sevilla,2–1,"58,538",Estadio Benito Villamarín,Mateo Busquets,2025-03-30,https://fbref.com/en/matches/521b1f26/Real-Betis-Sevilla-March-30-2025-La-Liga
J29,Celta Vigo,Las Palmas,1–1,"18,549",Estadio Abanca Balaídos,Juan Martínez,2025-03-31,https://fbref.com/en/matches/30fa33ba/Celta-Vigo-Las-Palmas-March-31-2025-La-Liga
J30,Rayo Vallecano,Espanyol,0–4,"11,905",Campo de Fútbol de Vallecas,Alejandro Hernández,2025-04-04,https://fbref.com/en/matches/ff92ae47/Rayo-Vallecano-Espanyol-April-4-2025-La-Liga
J30,Girona,Alavés,0–1,"11,384",Estadi Municipal de Montilivi,Alejandro Muñíz,2025-04-05,https://fbref.com/en/matches/e6b730a8/Girona-Alaves-April-5-2025-La-Liga
J30,Real Madrid,Valencia,1–2,"75,382",Estadio Santiago Bernabéu,Guillermo Cuadra,2025-04-05,https://fbref.com/en/matches/59db0a32/Real-Madrid-Valencia-April-5-2025-La-Liga
J30,Mallorca,Celta Vigo,1–2,"18,291",Estadi Mallorca Son Moix,Ricardo de Burgos,2025-04-05,https://fbref.com/en/matches/bc459f49/Mallorca-Celta-Vigo-April-5-2025-La-Liga
J30,Barcelona,Betis,1–1,"47,043",Estadi Olímpic Lluís Companys,Jesús Gil,2025-04-05,https://fbref.com/en/matches/86447b37/Barcelona-Real-Betis-April-5-2025-La-Liga
J30,Las Palmas,Real Sociedad,1–3,"22,616",Estadio de Gran Canaria,Miguel Ángel Ortiz Arias,2025-04-06,https://fbref.com/en/matches/864a0fb8/Las-Palmas-Real-Sociedad-April-6-2025-La-Liga
J30,Sevilla,Atlético Madrid,1–2,"34,505",Estadio Ramón Sánchez Pizjuán,César Soto,2025-04-06,https://fbref.com/en/matches/4b093821/Sevilla-Atletico-Madrid-April-6-2025-La-Liga
J30,Valladolid,Getafe,0–4,"17,737",Estadio Municipal José Zorrilla,Alejandro Quintero,2025-04-06,https://fbref.com/en/matches/e33c8281/Valladolid-Getafe-April-6-2025-La-Liga
J30,Villarreal,Athletic Club,0–0,"19,158",Estadio de la Cerámica,Mario Melero,2025-04-06,https://fbref.com/en/matches/65afea5b/Villarreal-Athletic-Club-April-6-2025-La-Liga
J30,Leganés,Osasuna,1–1,"10,755",Estadio Municipal de Butarque,Víctor García,2025-04-07,https://fbref.com/en/matches/62c1d5cc/Leganes-Osasuna-April-7-2025-La-Liga
J31,Valencia,Sevilla,1–0,"45,618",Estadio de Mestalla,Jose Maria Sánchez,2025-04-11,https://fbref.com/en/matches/160a9af7/Valencia-Sevilla-April-11-2025-La-Liga
J31,Real Sociedad,Mallorca,0–2,"29,181",Reale Arena,José Luis Munuera,2025-04-12,https://fbref.com/en/matches/a449c18e/Real-Sociedad-Mallorca-April-12-2025-La-Liga
J31,Getafe,Las Palmas,1–3,"8,370",Coliseum Alfonso Pérez,Javier Alberola,2025-04-12,https://fbref.com/en/matches/606774d3/Getafe-Las-Palmas-April-12-2025-La-Liga
J31,Celta Vigo,Espanyol,0–2,"19,801",Estadio Abanca Balaídos,Mateo Busquets,2025-04-12,https://fbref.com/en/matches/3aa5024f/Celta-Vigo-Espanyol-April-12-2025-La-Liga
J31,Leganés,Barcelona,0–1,"12,530",Estadio Municipal de Butarque,Francisco Hernández,2025-04-12,https://fbref.com/en/matches/5160bd9d/Leganes-Barcelona-April-12-2025-La-Liga
J31,Osasuna,Girona,2–1,"20,260",Estadio El Sadar,Pablo González,2025-04-13,https://fbref.com/en/matches/57baf278/Osasuna-Girona-April-13-2025-La-Liga
J31,Alavés,Real Madrid,0–1,"19,438",Estadio de Mendizorroza,César Soto,2025-04-13,https://fbref.com/en/matches/988deece/Alaves-Real-Madrid-April-13-2025-La-Liga
J31,Betis,Villarreal,1–2,"54,778",Estadio Benito Villamarín,Juan Pulido,2025-04-13,https://fbref.com/en/matches/028b10dc/Real-Betis-Villarreal-April-13-2025-La-Liga
J31,Athletic Club,Rayo Vallecano,3–1,"47,584",San Mamés,Adrián Cordero,2025-04-13,https://fbref.com/en/matches/82c58306/Athletic-Club-Rayo-Vallecano-April-13-2025-La-Liga
J31,Atlético Madrid,Valladolid,4–2,"55,936",Riyadh Air Metropolitan Stadium,Isidro Díaz de Mera,2025-04-14,https://fbref.com/en/matches/b955d331/Atletico-Madrid-Valladolid-April-14-2025-La-Liga
J32,Espanyol,Getafe,1–0,"25,003",RCDE Stadium,Ricardo de Burgos,2025-04-18,https://fbref.com/en/matches/442a63df/Espanyol-Getafe-April-18-2025-La-Liga
J32,Rayo Vallecano,Valencia,1–1,"11,308",Campo de Fútbol de Vallecas,Alejandro Quintero,2025-04-19,https://fbref.com/en/matches/81da0725/Rayo-Vallecano-Valencia-April-19-2025-La-Liga
J32,Barcelona,Celta Vigo,4–3,"48,569",Estadi Olímpic Lluís Companys,Mario Melero,2025-04-19,https://fbref.com/en/matches/ac6535dc/Barcelona-Celta-Vigo-April-19-2025-La-Liga
J32,Mallorca,Leganés,0–0,"17,404",Estadi Mallorca Son Moix,Alejandro Muñíz,2025-04-19,https://fbref.com/en/matches/36e23ef5/Mallorca-Leganes-April-19-2025-La-Liga
J32,Las Palmas,Atlético Madrid,1–0,"27,154",Estadio de Gran Canaria,Víctor García,2025-04-19,https://fbref.com/en/matches/84f347ad/Las-Palmas-Atletico-Madrid-April-19-2025-La-Liga
J32,Valladolid,Osasuna,2–3,"12,230",Estadio Municipal José Zorrilla,Jesús Gil,2025-04-20,https://fbref.com/en/matches/6b0f1761/Valladolid-Osasuna-April-20-2025-La-Liga
J32,Villarreal,Real Sociedad,2–2,"17,620",Estadio de la Cerámica,Guillermo Cuadra,2025-04-20,https://fbref.com/en/matches/46e117e0/Villarreal-Real-Sociedad-April-20-2025-La-Liga
J32,Sevilla,Alavés,1–1,"36,436",Estadio Ramón Sánchez Pizjuán,Miguel Ángel Ortiz Arias,2025-04-20,https://fbref.com/en/matches/be12049b/Sevilla-Alaves-April-20-2025-La-Liga
J32,Real Madrid,Athletic Club,1–0,"72,535",Estadio Santiago Bernabéu,Juan Martínez,2025-04-20,https://fbref.com/en/matches/b9c25e18/Real-Madrid-Athletic-Club-April-20-2025-La-Liga
J32,Girona,Betis,1–3,"12,535",Estadi Municipal de Montilivi,Alejandro Hernández,2025-04-21,https://fbref.com/en/matches/0edcec5d/Girona-Real-Betis-April-21-2025-La-Liga
J33,Valencia,Espanyol,1–1,"42,448",Estadio de Mestalla,Juan Pulido,2025-04-22,https://fbref.com/en/matches/17125161/Valencia-Espanyol-April-22-2025-La-Liga
J33,Barcelona,Mallorca,1–0,"45,602",Estadi Olímpic Lluís Companys,Miguel Ángel Ortiz Arias,2025-04-22,https://fbref.com/en/matches/a71ce7d1/Barcelona-Mallorca-April-22-2025-La-Liga
J33,Celta Vigo,Villarreal,3–0,"19,324",Estadio Abanca Balaídos,Javier Alberola,2025-04-23,https://fbref.com/en/matches/291cfd49/Celta-Vigo-Villarreal-April-23-2025-La-Liga
J33,Athletic Club,Las Palmas,1–0,"47,724",San Mamés,Isidro Díaz de Mera,2025-04-23,https://fbref.com/en/matches/60c208f0/Athletic-Club-Las-Palmas-April-23-2025-La-Liga
J33,Alavés,Real Sociedad,1–0,"17,049",Estadio de Mendizorroza,Mateo Busquets,2025-04-23,https://fbref.com/en/matches/14a28e57/Alaves-Real-Sociedad-April-23-2025-La-Liga
J33,Getafe,Real Madrid,0–1,"15,184",Coliseum Alfonso Pérez,Jose Maria Sánchez,2025-04-23,https://fbref.com/en/matches/5ae33594/Getafe-Real-Madrid-April-23-2025-La-Liga
J33,Osasuna,Sevilla,1–0,"20,555",Estadio El Sadar,Adrián Cordero,2025-04-24,https://fbref.com/en/matches/3438a56b/Osasuna-Sevilla-April-24-2025-La-Liga
J33,Leganés,Girona,1–1,"11,595",Estadio Municipal de Butarque,José Luis Munuera,2025-04-24,https://fbref.com/en/matches/124ad510/Leganes-Girona-April-24-2025-La-Liga
J33,Atlético Madrid,Rayo Vallecano,3–0,"49,410",Riyadh Air Metropolitan Stadium,Pablo González,2025-04-24,https://fbref.com/en/matches/a5ffdc50/Atletico-Madrid-Rayo-Vallecano-April-24-2025-La-Liga
J33,Betis,Valladolid,5–1,"46,458",Estadio Benito Villamarín,Francisco Hernández,2025-04-24,https://fbref.com/en/matches/f880625e/Real-Betis-Valladolid-April-24-2025-La-Liga
J26,Villarreal,Espanyol,1–0,"17,236",Estadio de la Cerámica,José Luis Munuera,2025-04-27,https://fbref.com/en/matches/50b976fc/Villarreal-Espanyol-April-27-2025-La-Liga
J34,Rayo Vallecano,Getafe,1–0,"11,648",Campo de Fútbol de Vallecas,Víctor García,2025-05-02,https://fbref.com/en/matches/1ca7012a/Rayo-Vallecano-Getafe-May-2-2025-La-Liga
J34,Alavés,Atlético Madrid,0–0,"18,117",Estadio de Mendizorroza,Juan Martínez,2025-05-03,https://fbref.com/en/matches/7c70cc19/Alaves-Atletico-Madrid-May-3-2025-La-Liga
J34,Villarreal,Osasuna,4–2,"17,147",Estadio de la Cerámica,Alejandro Quintero,2025-05-03,https://fbref.com/en/matches/6b5549c2/Villarreal-Osasuna-May-3-2025-La-Liga
J34,Las Palmas,Valencia,2–3,"24,942",Estadio de Gran Canaria,Ricardo de Burgos,2025-05-03,https://fbref.com/en/matches/bc2261f6/Las-Palmas-Valencia-May-3-2025-La-Liga
J34,Valladolid,Barcelona,1–2,"23,967",Estadio Municipal José Zorrilla,Alejandro Muñíz,2025-05-03,https://fbref.com/en/matches/af94853a/Valladolid-Barcelona-May-3-2025-La-Liga
J34,Real Madrid,Celta Vigo,3–2,"67,661",Estadio Santiago Bernabéu,Jesús Gil,2025-05-04,https://fbref.com/en/matches/08e02efc/Real-Madrid-Celta-Vigo-May-4-2025-La-Liga
J34,Sevilla,Leganés,2–2,"35,495",Estadio Ramón Sánchez Pizjuán,Alejandro Hernández,2025-05-04,https://fbref.com/en/matches/2c94bff7/Sevilla-Leganes-May-4-2025-La-Liga
J34,Espanyol,Betis,1–2,"29,126",RCDE Stadium,Guillermo Cuadra,2025-05-04,https://fbref.com/en/matches/be0ab7a4/Espanyol-Real-Betis-May-4-2025-La-Liga
J34,Real Sociedad,Athletic Club,0–0,"36,058",Reale Arena,César Soto,2025-05-04,https://fbref.com/en/matches/e0d46d97/Real-Sociedad-Athletic-Club-May-4-2025-La-Liga
J34,Girona,Mallorca,1–0,"7,721",Estadi Municipal de Montilivi,Mario Melero,2025-05-05,https://fbref.com/en/matches/45dbbb22/Girona-Mallorca-May-5-2025-La-Liga
J35,Las Palmas,Rayo Vallecano,0–1,"20,577",Estadio de Gran Canaria,Francisco Hernández,2025-05-09,https://fbref.com/en/matches/ce67853a/Las-Palmas-Rayo-Vallecano-May-9-2025-La-Liga
J35,Valencia,Getafe,3–0,"43,357",Estadio de Mestalla,Adrián Cordero,2025-05-10,https://fbref.com/en/matches/ed775615/Valencia-Getafe-May-10-2025-La-Liga
J35,Celta Vigo,Sevilla,3–2,"20,281",Estadio Abanca Balaídos,Pablo González,2025-05-10,https://fbref.com/en/matches/3537bd55/Celta-Vigo-Sevilla-May-10-2025-La-Liga
J35,Mallorca,Valladolid,2–1,"16,018",Estadi Mallorca Son Moix,Juan Pulido,2025-05-10,https://fbref.com/en/matches/e7540b3e/Mallorca-Valladolid-May-10-2025-La-Liga
J35,Girona,Villarreal,0–1,"12,011",Estadi Municipal de Montilivi,Isidro Díaz de Mera,2025-05-10,https://fbref.com/en/matches/bf02d20b/Girona-Villarreal-May-10-2025-La-Liga
J35,Atlético Madrid,Real Sociedad,4–0,"59,612",Riyadh Air Metropolitan Stadium,Jose Maria Sánchez,2025-05-10,https://fbref.com/en/matches/dfd588e7/Atletico-Madrid-Real-Sociedad-May-10-2025-La-Liga
J35,Leganés,Espanyol,3–2,"11,669",Estadio Municipal de Butarque,Javier Alberola,2025-05-11,https://fbref.com/en/matches/f2459bac/Leganes-Espanyol-May-11-2025-La-Liga
J35,Barcelona,Real Madrid,4–3,"50,319",Estadi Olímpic Lluís Companys,Alejandro Hernández,2025-05-11,https://fbref.com/en/matches/f1804d9c/El-Clasico-Barcelona-Real-Madrid-May-11-2025-La-Liga
J35,Athletic Club,Alavés,1–0,"47,947",San Mamés,José Luis Munuera,2025-05-11,https://fbref.com/en/matches/c89b7f67/Athletic-Club-Alaves-May-11-2025-La-Liga
J35,Betis,Osasuna,1–1,"52,839",Estadio Benito Villamarín,Miguel Ángel Ortiz Arias,2025-05-11,https://fbref.com/en/matches/05130dc3/Real-Betis-Osasuna-May-11-2025-La-Liga
J36,Valladolid,Girona,0–1,"12,664",Estadio Municipal José Zorrilla,Alejandro Quintero,2025-05-13,https://fbref.com/en/matches/336bf51e/Valladolid-Girona-May-13-2025-La-Liga
J36,Real Sociedad,Celta Vigo,0–1,"25,124",Reale Arena,Víctor García,2025-05-13,https://fbref.com/en/matches/c38bd41c/Real-Sociedad-Celta-Vigo-May-13-2025-La-Liga
J36,Sevilla,Las Palmas,1–0,"37,078",Estadio Ramón Sánchez Pizjuán,Juan Martínez,2025-05-13,https://fbref.com/en/matches/0bb2b5ef/Sevilla-Las-Palmas-May-13-2025-La-Liga
J36,Alavés,Valencia,1–0,"17,626",Estadio de Mendizorroza,Jesús Gil,2025-05-14,https://fbref.com/en/matches/a0128620/Alaves-Valencia-May-14-2025-La-Liga
J36,Villarreal,Leganés,3–0,"17,067",Estadio de la Cerámica,Ricardo de Burgos,2025-05-14,https://fbref.com/en/matches/b14bf95b/Villarreal-Leganes-May-14-2025-La-Liga
J36,Real Madrid,Mallorca,2–1,"60,753",Estadio Santiago Bernabéu,Javier Alberola,2025-05-14,https://fbref.com/en/matches/1838bcd7/Real-Madrid-Mallorca-May-14-2025-La-Liga
J36,Rayo Vallecano,Betis,2–2,"13,480",Campo de Fútbol de Vallecas,Pablo González,2025-05-15,https://fbref.com/en/matches/54538ff7/Rayo-Vallecano-Real-Betis-May-15-2025-La-Liga
J36,Osasuna,Atlético Madrid,2–0,"21,171",Estadio El Sadar,Mario Melero,2025-05-15,https://fbref.com/en/matches/ab452039/Osasuna-Atletico-Madrid-May-15-2025-La-Liga
J36,Getafe,Athletic Club,0–2,"11,564",Coliseum Alfonso Pérez,Guillermo Cuadra,2025-05-15,https://fbref.com/en/matches/535ec951/Getafe-Athletic-Club-May-15-2025-La-Liga
J36,Espanyol,Barcelona,0–2,"34,283",RCDE Stadium,César Soto,2025-05-15,https://fbref.com/en/matches/45f486b1/Espanyol-Barcelona-May-15-2025-La-Liga
J37,Las Palmas,Leganés,0–1,"11,279",Estadio de Gran Canaria,Jose Maria Sánchez,2025-05-18,https://fbref.com/en/matches/766b10ee/Las-Palmas-Leganes-May-18-2025-La-Liga
J37,Mallorca,Getafe,1–2,"18,124",Estadi Mallorca Son Moix,Alejandro Hernández,2025-05-18,https://fbref.com/en/matches/05c5e52d/Mallorca-Getafe-May-18-2025-La-Liga
J37,Valencia,Athletic Club,0–1,"45,641",Estadio de Mestalla,Alejandro Muñíz,2025-05-18,https://fbref.com/en/matches/e69b0060/Valencia-Athletic-Club-May-18-2025-La-Liga
J37,Atlético Madrid,Betis,4–1,"62,269",Riyadh Air Metropolitan Stadium,Adrián Cordero,2025-05-18,https://fbref.com/en/matches/07f29baa/Atletico-Madrid-Real-Betis-May-18-2025-La-Liga
J37,Osasuna,Espanyol,2–0,"21,131",Estadio El Sadar,Francisco Hernández,2025-05-18,https://fbref.com/en/matches/e176243c/Osasuna-Espanyol-May-18-2025-La-Liga
J37,Barcelona,Villarreal,2–3,"49,558",Estadi Olímpic Lluís Companys,José Luis Munuera,2025-05-18,https://fbref.com/en/matches/db2637b7/Barcelona-Villarreal-May-18-2025-La-Liga
J37,Valladolid,Alavés,0–1,"14,506",Estadio Municipal José Zorrilla,Isidro Díaz de Mera,2025-05-18,https://fbref.com/en/matches/89b88d0b/Valladolid-Alaves-May-18-2025-La-Liga
J37,Real Sociedad,Girona,3–2,"28,315",Reale Arena,Miguel Ángel Ortiz Arias,2025-05-18,https://fbref.com/en/matches/1c29483b/Real-Sociedad-Girona-May-18-2025-La-Liga
J37,Sevilla,Real Madrid,0–2,"32,500",Estadio Ramón Sánchez Pizjuán,Mateo Busquets,2025-05-18,https://fbref.com/en/matches/cde582d4/Sevilla-Real-Madrid-May-18-2025-La-Liga
J37,Celta Vigo,Rayo Vallecano,1–2,"21,482",Estadio Abanca Balaídos,Juan Pulido,2025-05-18,https://fbref.com/en/matches/1716ac24/Celta-Vigo-Rayo-Vallecano-May-18-2025-La-Liga
J38,Betis,Valencia,1–1,"51,141",Estadio Benito Villamarín,Víctor García,2025-05-23,https://fbref.com/en/matches/a1ad64bb/Real-Betis-Valencia-May-23-2025-La-Liga
J38,Real Madrid,Real Sociedad,2–0,"73,186",Estadio Santiago Bernabéu,Mario Melero,2025-05-24,https://fbref.com/en/matches/14179de8/Real-Madrid-Real-Sociedad-May-24-2025-La-Liga
J38,Leganés,Valladolid,3–0,"11,523",Estadio Municipal de Butarque,César Soto,2025-05-24,https://fbref.com/en/matches/12536c9f/Leganes-Valladolid-May-24-2025-La-Liga
J38,Espanyol,Las Palmas,2–0,"32,511",RCDE Stadium,Alejandro Muñíz,2025-05-24,https://fbref.com/en/matches/858bd9c5/Espanyol-Las-Palmas-May-24-2025-La-Liga
J38,Rayo Vallecano,Mallorca,0–0,"13,854",Campo de Fútbol de Vallecas,Ricardo de Burgos,2025-05-24,https://fbref.com/en/matches/fa808cc1/Rayo-Vallecano-Mallorca-May-24-2025-La-Liga
J38,Alavés,Osasuna,1–1,"19,274",Estadio de Mendizorroza,Guillermo Cuadra,2025-05-24,https://fbref.com/en/matches/ed820dc1/Alaves-Osasuna-May-24-2025-La-Liga
J38,Getafe,Celta Vigo,1–2,"12,862",Coliseum Alfonso Pérez,Juan Martínez,2025-05-24,https://fbref.com/en/matches/4303125c/Getafe-Celta-Vigo-May-24-2025-La-Liga
J38,Girona,Atlético Madrid,0–4,"11,546",Estadi Municipal de Montilivi,Jesús Gil,2025-05-25,https://fbref.com/en/matches/cb8011f0/Girona-Atletico-Madrid-May-25-2025-La-Liga
J38,Villarreal,Sevilla,4–2,"17,758",Estadio de la Cerámica,Javier Alberola,2025-05-25,https://fbref.com/en/matches/b724ff67/Villarreal-Sevilla-May-25-2025-La-Liga
J38,Athletic Club,Barcelona,0–3,"50,231",San Mamés,Pablo González,2025-05-25,https://fbref.com/en/matches/20bdd334/Athletic-Club-Barcelona-May-25-2025-La-Liga
