Game Week,Home Team,Away Team,Score,Attendance,Venue,Referee,Date,URL
J1,Rennes,Marseille,1–0,"28,360",Roazhon Park,Jérémie Pignard,2025-08-15,https://fbref.com/en/matches/fbd5fc84/Rennes-Marseille-August-15-2025-Ligue-1
J1,Lens,Lyon,0–1,"38,137",Stade Bollaert-Delelis,Romain Lissorgue,2025-08-16,https://fbref.com/en/matches/5959d3ad/Lens-Lyon-August-16-2025-Ligue-1
J1,Monaco,Le Havre,3–1,"11,734",Stade Louis II,Ruddy Buquet,2025-08-16,https://fbref.com/en/matches/772d8629/Monaco-Le-Havre-August-16-2025-Ligue-1
J1,Nice,Toulouse,0–1,"23,212",Allianz Riviera,Thomas Léonard,2025-08-16,https://fbref.com/en/matches/086666a1/Nice-Toulouse-August-16-2025-Ligue-1
J1,Brest,Lille,3–3,"14,840",Stade Francis-Le Blé,Clément Turpin,2025-08-17,https://fbref.com/en/matches/d26fb352/Brest-Lille-August-17-2025-Ligue-1
J1,Angers,Paris FC,1–0,"12,168",Stade Raymond Kopa,François Letexier,2025-08-17,https://fbref.com/en/matches/c69996e3/Angers-Paris-FC-August-17-2025-Ligue-1
J1,Metz,Strasbourg,0–1,"25,009",Stade Saint-Symphorien,Mathieu Vernice,2025-08-17,https://fbref.com/en/matches/df64d32a/Metz-Strasbourg-August-17-2025-Ligue-1
J1,Auxerre,Lorient,1–0,"16,090",Stade de l'Abbé Deschamps,Abdelatif Kherradji,2025-08-17,https://fbref.com/en/matches/460d3465/Auxerre-Lorient-August-17-2025-Ligue-1
J1,Nantes,Paris S-G,0–1,"34,053",Stade de la Beaujoire - Louis Fonteneau,Benoît Bastien,2025-08-17,https://fbref.com/en/matches/8ed2fa41/Nantes-Paris-Saint-Germain-August-17-2025-Ligue-1
J2,Paris S-G,Angers,1–0,"47,401",Parc des Princes,Hakim Ben El Hadj Salem,2025-08-22,https://fbref.com/en/matches/d1b5836d/Paris-Saint-Germain-Angers-August-22-2025-Ligue-1
J2,Marseille,Paris FC,5–2,"64,074",Orange Vélodrome,Marc Bollengier,2025-08-23,https://fbref.com/en/matches/7c56af85/Marseille-Paris-FC-August-23-2025-Ligue-1
J2,Nice,Auxerre,3–1,"22,175",Allianz Riviera,Jeremy Stinat,2025-08-23,https://fbref.com/en/matches/1a63326e/Nice-Auxerre-August-23-2025-Ligue-1
J2,Lyon,Metz,3–0,"49,853",Groupama Stadium,Eric Wattellier,2025-08-23,https://fbref.com/en/matches/6df797c8/Lyon-Metz-August-23-2025-Ligue-1
J2,Lorient,Rennes,4–0,"12,343",Stade Yves Allainmat,Jérôme Brisard,2025-08-24,https://fbref.com/en/matches/c085ae64/Lorient-Rennes-August-24-2025-Ligue-1
J2,Toulouse,Brest,2–0,"23,158",Stadium de Toulouse,Benoît Millot,2025-08-24,https://fbref.com/en/matches/d9a23dcd/Toulouse-Brest-August-24-2025-Ligue-1
J2,Le Havre,Lens,1–2,"19,375",Stade Océane,Guillaume Paradis,2025-08-24,https://fbref.com/en/matches/ecb4ebba/Le-Havre-Lens-August-24-2025-Ligue-1
J2,Strasbourg,Nantes,1–0,"22,468",Stade de la Meinau,Bastien Dechepy,2025-08-24,https://fbref.com/en/matches/f5b0aa33/Strasbourg-Nantes-August-24-2025-Ligue-1
J2,Lille,Monaco,1–0,"43,549",Decathlon Arena - Stade Pierre-Mauroy,Willy Delajod,2025-08-24,https://fbref.com/en/matches/1c61c286/Lille-Monaco-August-24-2025-Ligue-1
J3,Lens,Brest,3–1,"37,232",Stade Bollaert-Delelis,Abdelatif Kherradji,2025-08-29,https://fbref.com/en/matches/ccf514b7/Lens-Brest-August-29-2025-Ligue-1
J3,Lorient,Lille,1–7,"15,512",Stade Yves Allainmat,Romain Lissorgue,2025-08-30,https://fbref.com/en/matches/fecb23de/Lorient-Lille-August-30-2025-Ligue-1
J3,Nantes,Auxerre,1–0,"28,784",Stade de la Beaujoire - Louis Fonteneau,Stéphanie Frappart,2025-08-30,https://fbref.com/en/matches/9db213a2/Nantes-Auxerre-August-30-2025-Ligue-1
J3,Toulouse,Paris S-G,3–6,"31,515",Stadium de Toulouse,Eric Wattellier,2025-08-30,https://fbref.com/en/matches/3a38fbf2/Toulouse-Paris-Saint-Germain-August-30-2025-Ligue-1
J3,Angers,Rennes,1–1,"11,512",Stade Raymond Kopa,Marc Bollengier,2025-08-31,https://fbref.com/en/matches/e7cbffb3/Angers-Rennes-August-31-2025-Ligue-1
J3,Le Havre,Nice,3–1,"16,513",Stade Océane,Jérôme Brisard,2025-08-31,https://fbref.com/en/matches/d7190d58/Le-Havre-Nice-August-31-2025-Ligue-1
J3,Monaco,Strasbourg,3–2,"8,718",Stade Louis II,Benoît Bastien,2025-08-31,https://fbref.com/en/matches/9fadc7e1/Monaco-Strasbourg-August-31-2025-Ligue-1
J3,Paris FC,Metz,3–2,"17,345",Stade Jean-Bouin,Gaël Angoula,2025-08-31,https://fbref.com/en/matches/adae2347/Paris-FC-Metz-August-31-2025-Ligue-1
J3,Lyon,Marseille,1–0,"52,095",Groupama Stadium,François Letexier,2025-08-31,https://fbref.com/en/matches/2e7d7c7d/Choc-des-Olympiques-Lyon-Marseille-August-31-2025-Ligue-1
J4,Marseille,Lorient,4–0,"64,098",Orange Vélodrome,Thomas Léonard,2025-09-12,https://fbref.com/en/matches/eaff4ee4/Marseille-Lorient-September-12-2025-Ligue-1
J4,Nice,Nantes,1–0,"20,096",Allianz Riviera,Guillaume Paradis,2025-09-13,https://fbref.com/en/matches/3bd330c7/Nice-Nantes-September-13-2025-Ligue-1
J4,Auxerre,Monaco,1–2,"16,703",Stade de l'Abbé Deschamps,Romain Lissorgue,2025-09-13,https://fbref.com/en/matches/f3a8d388/Auxerre-Monaco-September-13-2025-Ligue-1
J4,Lille,Toulouse,2–1,"42,576",Decathlon Arena - Stade Pierre-Mauroy,Jeremy Stinat,2025-09-14,https://fbref.com/en/matches/6c0057cb/Lille-Toulouse-September-14-2025-Ligue-1
J4,Metz,Angers,1–1,"21,107",Stade Saint-Symphorien,Benoît Millot,2025-09-14,https://fbref.com/en/matches/80b1df7f/Metz-Angers-September-14-2025-Ligue-1
J4,Brest,Paris FC,1–2,"14,594",Stade Francis-Le Blé,Bastien Dechepy,2025-09-14,https://fbref.com/en/matches/52e5e5bd/Brest-Paris-FC-September-14-2025-Ligue-1
J4,Paris S-G,Lens,2–0,"47,642",Parc des Princes,Jérémie Pignard,2025-09-14,https://fbref.com/en/matches/e8f63a9b/Paris-Saint-Germain-Lens-September-14-2025-Ligue-1
J4,Strasbourg,Le Havre,1–0,"26,000",Stade de la Meinau,Willy Delajod,2025-09-14,https://fbref.com/en/matches/78ee6527/Strasbourg-Le-Havre-September-14-2025-Ligue-1
J4,Rennes,Lyon,3–1,"27,392",Roazhon Park,Ruddy Buquet,2025-09-14,https://fbref.com/en/matches/e8a7d6a7/Rennes-Lyon-September-14-2025-Ligue-1
J5,Lyon,Angers,1–0,"44,437",Groupama Stadium,Clément Turpin,2025-09-19,https://fbref.com/en/matches/3d321db7/Lyon-Angers-September-19-2025-Ligue-1
J5,Nantes,Rennes,2–2,"31,337",Stade de la Beaujoire - Louis Fonteneau,Mathieu Vernice,2025-09-20,https://fbref.com/en/matches/23cfe985/Nantes-Rennes-September-20-2025-Ligue-1
J5,Brest,Nice,4–1,"14,158",Stade Francis-Le Blé,Benoît Bastien,2025-09-20,https://fbref.com/en/matches/cd6a399a/Brest-Nice-September-20-2025-Ligue-1
J5,Lens,Lille,3–0,"38,223",Stade Bollaert-Delelis,Eric Wattellier,2025-09-20,https://fbref.com/en/matches/f940c93e/Lens-Lille-September-20-2025-Ligue-1
J5,Paris FC,Strasbourg,2–3,"17,912",Stade Jean-Bouin,François Letexier,2025-09-21,https://fbref.com/en/matches/08bc19be/Paris-FC-Strasbourg-September-21-2025-Ligue-1
J5,Auxerre,Toulouse,1–0,"15,262",Stade de l'Abbé Deschamps,Marc Bollengier,2025-09-21,https://fbref.com/en/matches/a2ea8dfd/Auxerre-Toulouse-September-21-2025-Ligue-1
J5,Monaco,Metz,5–2,"6,080",Stade Louis II,Stéphanie Frappart,2025-09-21,https://fbref.com/en/matches/08aea0af/Monaco-Metz-September-21-2025-Ligue-1
J5,Le Havre,Lorient,1–1,"17,483",Stade Océane,Abdelatif Kherradji,2025-09-21,https://fbref.com/en/matches/d6f698f7/Le-Havre-Lorient-September-21-2025-Ligue-1
J5,Marseille,Paris S-G,1–0,"66,190",Orange Vélodrome,Jérôme Brisard,2025-09-22,https://fbref.com/en/matches/e53e3ae2/Marseille-Paris-Saint-Germain-September-22-2025-Ligue-1
J6,Strasbourg,Marseille,1–2,"23,262",Stade de la Meinau,Jérémie Pignard,2025-09-26,https://fbref.com/en/matches/13d407ad/Strasbourg-Marseille-September-26-2025-Ligue-1
J6,Lorient,Monaco,3–1,"15,561",Stade Yves Allainmat,Ruddy Buquet,2025-09-27,https://fbref.com/en/matches/ce237644/Lorient-Monaco-September-27-2025-Ligue-1
J6,Toulouse,Nantes,2–2,"22,822",Stadium de Toulouse,Benoît Millot,2025-09-27,https://fbref.com/en/matches/30f98e8d/Toulouse-Nantes-September-27-2025-Ligue-1
J6,Paris S-G,Auxerre,2–0,"47,792",Parc des Princes,Thomas Léonard,2025-09-27,https://fbref.com/en/matches/1012a2a6/Paris-Saint-Germain-Auxerre-September-27-2025-Ligue-1
J6,Nice,Paris FC,1–1,"20,049",Allianz Riviera,Abdelatif Kherradji,2025-09-28,https://fbref.com/en/matches/5be99991/Nice-Paris-FC-September-28-2025-Ligue-1
J6,Metz,Le Havre,0–0,"19,976",Stade Saint-Symphorien,Guillaume Paradis,2025-09-28,https://fbref.com/en/matches/9c7203aa/Metz-Le-Havre-September-28-2025-Ligue-1
J6,Lille,Lyon,0–1,"45,287",Decathlon Arena - Stade Pierre-Mauroy,Mathieu Vernice,2025-09-28,https://fbref.com/en/matches/ee984aec/Lille-Lyon-September-28-2025-Ligue-1
J6,Angers,Brest,0–2,"10,210",Stade Raymond Kopa,Willy Delajod,2025-09-28,https://fbref.com/en/matches/40e25494/Angers-Brest-September-28-2025-Ligue-1
J6,Rennes,Lens,0–0,"26,414",Roazhon Park,Bastien Dechepy,2025-09-28,https://fbref.com/en/matches/2516801b/Rennes-Lens-September-28-2025-Ligue-1
J7,Paris FC,Lorient,2–0,"18,084",Stade Jean-Bouin,Benoît Millot,2025-10-03,https://fbref.com/en/matches/9c3f352c/Paris-FC-Lorient-October-3-2025-Ligue-1
J7,Metz,Marseille,0–3,"28,300",Stade Saint-Symphorien,Clément Turpin,2025-10-04,https://fbref.com/en/matches/0dfe9c56/Metz-Marseille-October-4-2025-Ligue-1
J7,Brest,Nantes,0–0,"14,941",Stade Francis-Le Blé,Gaël Angoula,2025-10-04,https://fbref.com/en/matches/329f92b2/Brest-Nantes-October-4-2025-Ligue-1
J7,Auxerre,Lens,1–2,"17,243",Stade de l'Abbé Deschamps,François Letexier,2025-10-04,https://fbref.com/en/matches/7a29fd59/Auxerre-Lens-October-4-2025-Ligue-1
J7,Lyon,Toulouse,1–2,"51,414",Groupama Stadium,Thomas Léonard,2025-10-05,https://fbref.com/en/matches/60ecc64f/Lyon-Toulouse-October-5-2025-Ligue-1
J7,Strasbourg,Angers,5–0,"22,171",Stade de la Meinau,Guillaume Paradis,2025-10-05,https://fbref.com/en/matches/e2b6bcc0/Strasbourg-Angers-October-5-2025-Ligue-1
J7,Monaco,Nice,2–2,"8,500",Stade Louis II,Willy Delajod,2025-10-05,https://fbref.com/en/matches/93639c78/Monaco-Nice-October-5-2025-Ligue-1
J7,Le Havre,Rennes,2–2,"17,802",Stade Océane,Jérémie Pignard,2025-10-05,https://fbref.com/en/matches/7bb1158d/Le-Havre-Rennes-October-5-2025-Ligue-1
J7,Lille,Paris S-G,1–1,"47,355",Decathlon Arena - Stade Pierre-Mauroy,Benoît Bastien,2025-10-05,https://fbref.com/en/matches/d476968b/Lille-Paris-Saint-Germain-October-5-2025-Ligue-1
J8,Paris S-G,Strasbourg,3–3,"47,754",Parc des Princes,Clément Turpin,2025-10-17,https://fbref.com/en/matches/99baddf3/Paris-Saint-Germain-Strasbourg-October-17-2025-Ligue-1
J8,Nice,Lyon,3–2,"24,122",Allianz Riviera,Jérôme Brisard,2025-10-18,https://fbref.com/en/matches/b4b8f430/Nice-Lyon-October-18-2025-Ligue-1
J8,Angers,Monaco,1–1,"13,423",Stade Raymond Kopa,Jeremy Stinat,2025-10-18,https://fbref.com/en/matches/aeed11a9/Angers-Monaco-October-18-2025-Ligue-1
J8,Marseille,Le Havre,6–2,"64,869",Orange Vélodrome,Bastien Dechepy,2025-10-18,https://fbref.com/en/matches/0d90c694/Marseille-Le-Havre-October-18-2025-Ligue-1
J8,Lens,Paris FC,2–1,"33,773",Stade Bollaert-Delelis,Gaël Angoula,2025-10-19,https://fbref.com/en/matches/3c82b9ba/Lens-Paris-FC-October-19-2025-Ligue-1
J8,Rennes,Auxerre,2–2,"27,148",Roazhon Park,Eric Wattellier,2025-10-19,https://fbref.com/en/matches/4bebc386/Rennes-Auxerre-October-19-2025-Ligue-1
J8,Lorient,Brest,3–3,"16,607",Stade Yves Allainmat,Marc Bollengier,2025-10-19,https://fbref.com/en/matches/d9620be4/Lorient-Brest-October-19-2025-Ligue-1
J8,Toulouse,Metz,4–0,"26,078",Stadium de Toulouse,François Letexier,2025-10-19,https://fbref.com/en/matches/c8f84615/Toulouse-Metz-October-19-2025-Ligue-1
J8,Nantes,Lille,0–2,"29,845",Stade de la Beaujoire - Louis Fonteneau,Thomas Léonard,2025-10-19,https://fbref.com/en/matches/98c265c0/Nantes-Lille-October-19-2025-Ligue-1
J9,Paris FC,Nantes,1–2,"17,522",Stade Jean-Bouin,Ruddy Buquet,2025-10-24,https://fbref.com/en/matches/e38cdc1f/Paris-FC-Nantes-October-24-2025-Ligue-1
J9,Brest,Paris S-G,0–3,"14,978",Stade Francis-Le Blé,Jérémie Pignard,2025-10-25,https://fbref.com/en/matches/c95d53be/Brest-Paris-Saint-Germain-October-25-2025-Ligue-1
J9,Monaco,Toulouse,1–0,"7,086",Stade Louis II,Guillaume Paradis,2025-10-25,https://fbref.com/en/matches/fe7036bb/Monaco-Toulouse-October-25-2025-Ligue-1
J9,Lens,Marseille,2–1,"38,223",Stade Bollaert-Delelis,Stéphanie Frappart,2025-10-25,https://fbref.com/en/matches/401a34e7/Lens-Marseille-October-25-2025-Ligue-1
J9,Lille,Metz,6–1,"42,089",Decathlon Arena - Stade Pierre-Mauroy,Benoît Millot,2025-10-26,https://fbref.com/en/matches/513ba656/Lille-Metz-October-26-2025-Ligue-1
J9,Auxerre,Le Havre,0–1,"16,729",Stade de l'Abbé Deschamps,Hakim Ben El Hadj Salem,2025-10-26,https://fbref.com/en/matches/b5814fa4/Auxerre-Le-Havre-October-26-2025-Ligue-1
J9,Angers,Lorient,2–0,"11,682",Stade Raymond Kopa,Benoît Bastien,2025-10-26,https://fbref.com/en/matches/57e8593d/Angers-Lorient-October-26-2025-Ligue-1
J9,Rennes,Nice,1–2,"27,658",Roazhon Park,Marc Bollengier,2025-10-26,https://fbref.com/en/matches/b111d632/Rennes-Nice-October-26-2025-Ligue-1
J9,Lyon,Strasbourg,2–1,"49,058",Groupama Stadium,Eric Wattellier,2025-10-26,https://fbref.com/en/matches/cd22fe80/Lyon-Strasbourg-October-26-2025-Ligue-1
J10,Metz,Lens,2–0,"20,618",Stade Saint-Symphorien,Abdelatif Kherradji,2025-10-29,https://fbref.com/en/matches/e7ee16a0/Metz-Lens-October-29-2025-Ligue-1
J10,Lorient,Paris S-G,1–1,"16,706",Stade Yves Allainmat,Willy Delajod,2025-10-29,https://fbref.com/en/matches/fae0cebf/Lorient-Paris-Saint-Germain-October-29-2025-Ligue-1
J10,Le Havre,Brest,1–0,"18,484",Stade Océane,Benoît Millot,2025-10-29,https://fbref.com/en/matches/ee77c6a4/Le-Havre-Brest-October-29-2025-Ligue-1
J10,Nice,Lille,2–0,"22,441",Allianz Riviera,Bastien Dechepy,2025-10-29,https://fbref.com/en/matches/79a943de/Nice-Lille-October-29-2025-Ligue-1
J10,Strasbourg,Auxerre,3–0,"22,667",Stade de la Meinau,Ruddy Buquet,2025-10-29,https://fbref.com/en/matches/92626eca/Strasbourg-Auxerre-October-29-2025-Ligue-1
J10,Marseille,Angers,2–2,"64,599",Orange Vélodrome,Thomas Léonard,2025-10-29,https://fbref.com/en/matches/4e9cae04/Marseille-Angers-October-29-2025-Ligue-1
J10,Nantes,Monaco,3–5,"33,653",Stade de la Beaujoire - Louis Fonteneau,Jérôme Brisard,2025-10-29,https://fbref.com/en/matches/61307c58/Nantes-Monaco-October-29-2025-Ligue-1
J10,Paris FC,Lyon,3–3,"18,445",Stade Jean-Bouin,Jeremy Stinat,2025-10-29,https://fbref.com/en/matches/43400423/Paris-FC-Lyon-October-29-2025-Ligue-1
J10,Toulouse,Rennes,2–2,"25,484",Stadium de Toulouse,Clément Turpin,2025-10-29,https://fbref.com/en/matches/f1f10fa5/Toulouse-Rennes-October-29-2025-Ligue-1
J11,Paris S-G,Nice,,,Parc des Princes,,2025-11-01,https://fbref.com/en/stathead/matchup/teams/e2d8892c/132ebc33/Paris-Saint-Germain-vs-Nice-History
J11,Monaco,Paris FC,,,Stade Louis II,,2025-11-01,https://fbref.com/en/stathead/matchup/teams/fd6114db/056a5a75/Monaco-vs-Paris-FC-History
J11,Auxerre,Marseille,,,Stade de l'Abbé Deschamps,,2025-11-01,https://fbref.com/en/stathead/matchup/teams/5ae09109/5725cc7b/Auxerre-vs-Marseille-History
J11,Rennes,Strasbourg,,,Roazhon Park,,2025-11-02,https://fbref.com/en/stathead/matchup/teams/c0d3eab4/b3072e00/Strasbourg-vs-Rennes-History
J11,Lille,Angers,,,Decathlon Arena - Stade Pierre-Mauroy,,2025-11-02,https://fbref.com/en/stathead/matchup/teams/cb188c0c/69236f98/Lille-vs-Angers-History
J11,Nantes,Metz,,,Stade de la Beaujoire - Louis Fonteneau,,2025-11-02,https://fbref.com/en/stathead/matchup/teams/f83960ae/d7a486cd/Metz-vs-Nantes-History
J11,Lens,Lorient,,,Stade Bollaert-Delelis,,2025-11-02,https://fbref.com/en/stathead/matchup/teams/fd4e0f7d/d2c87802/Lens-vs-Lorient-History
J11,Toulouse,Le Havre,,,Stadium de Toulouse,,2025-11-02,https://fbref.com/en/stathead/matchup/teams/5c2737db/3f8c4b5f/Le-Havre-vs-Toulouse-History
J11,Brest,Lyon,,,Stade Francis-Le Blé,,2025-11-02,https://fbref.com/en/stathead/matchup/teams/fb08dbb3/d53c0b06/Brest-vs-Lyon-History
J12,Paris FC,Rennes,,,Stade Jean-Bouin,,2025-11-07,https://fbref.com/en/stathead/matchup/teams/b3072e00/056a5a75/Rennes-vs-Paris-FC-History
J12,Marseille,Brest,,,Orange Vélodrome,,2025-11-08,https://fbref.com/en/stathead/matchup/teams/fb08dbb3/5725cc7b/Brest-vs-Marseille-History
J12,Le Havre,Nantes,,,Stade Océane,,2025-11-08,https://fbref.com/en/stathead/matchup/teams/d7a486cd/5c2737db/Nantes-vs-Le-Havre-History
J12,Monaco,Lens,,,Stade Louis II,,2025-11-08,https://fbref.com/en/stathead/matchup/teams/fd6114db/fd4e0f7d/Monaco-vs-Lens-History
J12,Lorient,Toulouse,,,Stade Yves Allainmat,,2025-11-09,https://fbref.com/en/stathead/matchup/teams/d2c87802/3f8c4b5f/Lorient-vs-Toulouse-History
J12,Strasbourg,Lille,,,Stade de la Meinau,,2025-11-09,https://fbref.com/en/stathead/matchup/teams/cb188c0c/c0d3eab4/Lille-vs-Strasbourg-History
J12,Angers,Auxerre,,,Stade Raymond Kopa,,2025-11-09,https://fbref.com/en/stathead/matchup/teams/69236f98/5ae09109/Angers-vs-Auxerre-History
J12,Metz,Nice,,,Stade Saint-Symphorien,,2025-11-09,https://fbref.com/en/stathead/matchup/teams/f83960ae/132ebc33/Metz-vs-Nice-History
J12,Lyon,Paris S-G,,,Groupama Stadium,,2025-11-09,https://fbref.com/en/stathead/matchup/teams/e2d8892c/d53c0b06/Paris-Saint-Germain-vs-Lyon-History
J13,Nice,Marseille,,,Allianz Riviera,,2025-11-21,https://fbref.com/en/stathead/matchup/teams/5725cc7b/132ebc33/Marseille-vs-Nice-History
J13,Lens,Strasbourg,,,Stade Bollaert-Delelis,,2025-11-22,https://fbref.com/en/stathead/matchup/teams/fd4e0f7d/c0d3eab4/Lens-vs-Strasbourg-History
J13,Rennes,Monaco,,,Roazhon Park,,2025-11-22,https://fbref.com/en/stathead/matchup/teams/fd6114db/b3072e00/Monaco-vs-Rennes-History
J13,Paris S-G,Le Havre,,,Parc des Princes,,2025-11-22,https://fbref.com/en/stathead/matchup/teams/e2d8892c/5c2737db/Paris-Saint-Germain-vs-Le-Havre-History
J13,Auxerre,Lyon,,,Stade de l'Abbé Deschamps,,2025-11-23,https://fbref.com/en/stathead/matchup/teams/d53c0b06/5ae09109/Lyon-vs-Auxerre-History
J13,Toulouse,Angers,,,Stadium de Toulouse,,2025-11-23,https://fbref.com/en/stathead/matchup/teams/69236f98/3f8c4b5f/Angers-vs-Toulouse-History
J13,Brest,Metz,,,Stade Francis-Le Blé,,2025-11-23,https://fbref.com/en/stathead/matchup/teams/fb08dbb3/f83960ae/Brest-vs-Metz-History
J13,Nantes,Lorient,,,Stade de la Beaujoire - Louis Fonteneau,,2025-11-23,https://fbref.com/en/stathead/matchup/teams/d7a486cd/d2c87802/Nantes-vs-Lorient-History
J13,Lille,Paris FC,,,Decathlon Arena - Stade Pierre-Mauroy,,2025-11-23,https://fbref.com/en/stathead/matchup/teams/cb188c0c/056a5a75/Lille-vs-Paris-FC-History
J14,Metz,Rennes,,,Stade Saint-Symphorien,,2025-11-28,https://fbref.com/en/stathead/matchup/teams/f83960ae/b3072e00/Metz-vs-Rennes-History
J14,Monaco,Paris S-G,,,Stade Louis II,,2025-11-29,https://fbref.com/en/stathead/matchup/teams/fd6114db/e2d8892c/Monaco-vs-Paris-Saint-Germain-History
J14,Paris FC,Auxerre,,,Stade Jean-Bouin,,2025-11-29,https://fbref.com/en/stathead/matchup/teams/5ae09109/056a5a75/Auxerre-vs-Paris-FC-History
J14,Marseille,Toulouse,,,Orange Vélodrome,,2025-11-29,https://fbref.com/en/stathead/matchup/teams/5725cc7b/3f8c4b5f/Marseille-vs-Toulouse-History
J14,Strasbourg,Brest,,,Stade de la Meinau,,2025-11-30,https://fbref.com/en/stathead/matchup/teams/fb08dbb3/c0d3eab4/Brest-vs-Strasbourg-History
J14,Lorient,Nice,,,Stade Yves Allainmat,,2025-11-30,https://fbref.com/en/stathead/matchup/teams/d2c87802/132ebc33/Lorient-vs-Nice-History
J14,Le Havre,Lille,,,Stade Océane,,2025-11-30,https://fbref.com/en/stathead/matchup/teams/cb188c0c/5c2737db/Lille-vs-Le-Havre-History
J14,Angers,Lens,,,Stade Raymond Kopa,,2025-11-30,https://fbref.com/en/stathead/matchup/teams/fd4e0f7d/69236f98/Lens-vs-Angers-History
J14,Lyon,Nantes,,,Groupama Stadium,,2025-11-30,https://fbref.com/en/stathead/matchup/teams/d7a486cd/d53c0b06/Nantes-vs-Lyon-History
J15,Brest,Monaco,,,Stade Francis-Le Blé,,2025-12-05,https://fbref.com/en/stathead/matchup/teams/fd6114db/fb08dbb3/Monaco-vs-Brest-History
J15,Lille,Marseille,,,Decathlon Arena - Stade Pierre-Mauroy,,2025-12-05,https://fbref.com/en/stathead/matchup/teams/cb188c0c/5725cc7b/Lille-vs-Marseille-History
J15,Nantes,Lens,,,Stade de la Beaujoire - Louis Fonteneau,,2025-12-06,https://fbref.com/en/stathead/matchup/teams/fd4e0f7d/d7a486cd/Lens-vs-Nantes-History
J15,Toulouse,Strasbourg,,,Stadium de Toulouse,,2025-12-06,https://fbref.com/en/stathead/matchup/teams/c0d3eab4/3f8c4b5f/Strasbourg-vs-Toulouse-History
J15,Paris S-G,Rennes,,,Parc des Princes,,2025-12-06,https://fbref.com/en/stathead/matchup/teams/e2d8892c/b3072e00/Paris-Saint-Germain-vs-Rennes-History
J15,Nice,Angers,,,Allianz Riviera,,2025-12-07,https://fbref.com/en/stathead/matchup/teams/69236f98/132ebc33/Angers-vs-Nice-History
J15,Le Havre,Paris FC,,,Stade Océane,,2025-12-07,https://fbref.com/en/stathead/matchup/teams/5c2737db/056a5a75/Le-Havre-vs-Paris-FC-History
J15,Auxerre,Metz,,,Stade de l'Abbé Deschamps,,2025-12-07,https://fbref.com/en/stathead/matchup/teams/f83960ae/5ae09109/Metz-vs-Auxerre-History
J15,Lorient,Lyon,,,Stade Yves Allainmat,,2025-12-07,https://fbref.com/en/stathead/matchup/teams/d53c0b06/d2c87802/Lyon-vs-Lorient-History
J16,Angers,Nantes,,,Stade Raymond Kopa,,2025-12-12,https://fbref.com/en/stathead/matchup/teams/d7a486cd/69236f98/Nantes-vs-Angers-History
J16,Rennes,Brest,,,Roazhon Park,,2025-12-13,https://fbref.com/en/stathead/matchup/teams/fb08dbb3/b3072e00/Brest-vs-Rennes-History
J16,Metz,Paris S-G,,,Stade Saint-Symphorien,,2025-12-13,https://fbref.com/en/stathead/matchup/teams/f83960ae/e2d8892c/Metz-vs-Paris-Saint-Germain-History
J16,Paris FC,Toulouse,,,Stade Jean-Bouin,,2025-12-13,https://fbref.com/en/stathead/matchup/teams/3f8c4b5f/056a5a75/Toulouse-vs-Paris-FC-History
J16,Lyon,Le Havre,,,Groupama Stadium,,2025-12-14,https://fbref.com/en/stathead/matchup/teams/d53c0b06/5c2737db/Lyon-vs-Le-Havre-History
J16,Strasbourg,Lorient,,,Stade de la Meinau,,2025-12-14,https://fbref.com/en/stathead/matchup/teams/d2c87802/c0d3eab4/Lorient-vs-Strasbourg-History
J16,Lens,Nice,,,Stade Bollaert-Delelis,,2025-12-14,https://fbref.com/en/stathead/matchup/teams/fd4e0f7d/132ebc33/Lens-vs-Nice-History
J16,Auxerre,Lille,,,Stade de l'Abbé Deschamps,,2025-12-14,https://fbref.com/en/stathead/matchup/teams/cb188c0c/5ae09109/Lille-vs-Auxerre-History
J16,Marseille,Monaco,,,Orange Vélodrome,,2025-12-14,https://fbref.com/en/stathead/matchup/teams/fd6114db/5725cc7b/Monaco-vs-Marseille-History
J17,Lille,Rennes,,,Decathlon Arena - Stade Pierre-Mauroy,,2026-01-04,https://fbref.com/en/stathead/matchup/teams/cb188c0c/b3072e00/Lille-vs-Rennes-History
J17,Brest,Auxerre,,,Stade Francis-Le Blé,,2026-01-04,https://fbref.com/en/stathead/matchup/teams/fb08dbb3/5ae09109/Brest-vs-Auxerre-History
J17,Toulouse,Lens,,,Stadium de Toulouse,,2026-01-04,https://fbref.com/en/stathead/matchup/teams/fd4e0f7d/3f8c4b5f/Lens-vs-Toulouse-History
J17,Nice,Strasbourg,,,Allianz Riviera,,2026-01-04,https://fbref.com/en/stathead/matchup/teams/c0d3eab4/132ebc33/Strasbourg-vs-Nice-History
J17,Le Havre,Angers,,,Stade Océane,,2026-01-04,https://fbref.com/en/stathead/matchup/teams/69236f98/5c2737db/Angers-vs-Le-Havre-History
J17,Paris S-G,Paris FC,,,Parc des Princes,,2026-01-04,https://fbref.com/en/stathead/matchup/teams/e2d8892c/056a5a75/Paris-Saint-Germain-vs-Paris-FC-History
J17,Monaco,Lyon,,,Stade Louis II,,2026-01-04,https://fbref.com/en/stathead/matchup/teams/fd6114db/d53c0b06/Monaco-vs-Lyon-History
J17,Marseille,Nantes,,,Orange Vélodrome,,2026-01-04,https://fbref.com/en/stathead/matchup/teams/d7a486cd/5725cc7b/Nantes-vs-Marseille-History
J17,Lorient,Metz,,,Stade Yves Allainmat,,2026-01-04,https://fbref.com/en/stathead/matchup/teams/f83960ae/d2c87802/Metz-vs-Lorient-History
J18,Monaco,Lorient,,,Stade Louis II,,2026-01-18,https://fbref.com/en/stathead/matchup/teams/fd6114db/d2c87802/Monaco-vs-Lorient-History
J18,Nantes,Paris FC,,,Stade de la Beaujoire - Louis Fonteneau,,2026-01-18,https://fbref.com/en/stathead/matchup/teams/d7a486cd/056a5a75/Nantes-vs-Paris-FC-History
J18,Toulouse,Nice,,,Stadium de Toulouse,,2026-01-18,https://fbref.com/en/stathead/matchup/teams/3f8c4b5f/132ebc33/Toulouse-vs-Nice-History
J18,Lyon,Brest,,,Groupama Stadium,,2026-01-18,https://fbref.com/en/stathead/matchup/teams/fb08dbb3/d53c0b06/Brest-vs-Lyon-History
J18,Strasbourg,Metz,,,Stade de la Meinau,,2026-01-18,https://fbref.com/en/stathead/matchup/teams/f83960ae/c0d3eab4/Metz-vs-Strasbourg-History
J18,Paris S-G,Lille,,,Parc des Princes,,2026-01-18,https://fbref.com/en/stathead/matchup/teams/e2d8892c/cb188c0c/Paris-Saint-Germain-vs-Lille-History
J18,Lens,Auxerre,,,Stade Bollaert-Delelis,,2026-01-18,https://fbref.com/en/stathead/matchup/teams/fd4e0f7d/5ae09109/Lens-vs-Auxerre-History
J18,Angers,Marseille,,,Stade Raymond Kopa,,2026-01-18,https://fbref.com/en/stathead/matchup/teams/69236f98/5725cc7b/Angers-vs-Marseille-History
J18,Rennes,Le Havre,,,Roazhon Park,,2026-01-18,https://fbref.com/en/stathead/matchup/teams/b3072e00/5c2737db/Rennes-vs-Le-Havre-History
J19,Brest,Toulouse,,,Stade Francis-Le Blé,,2026-01-25,https://fbref.com/en/stathead/matchup/teams/fb08dbb3/3f8c4b5f/Brest-vs-Toulouse-History
J19,Lille,Strasbourg,,,Decathlon Arena - Stade Pierre-Mauroy,,2026-01-25,https://fbref.com/en/stathead/matchup/teams/cb188c0c/c0d3eab4/Lille-vs-Strasbourg-History
J19,Metz,Lyon,,,Stade Saint-Symphorien,,2026-01-25,https://fbref.com/en/stathead/matchup/teams/f83960ae/d53c0b06/Metz-vs-Lyon-History
J19,Nantes,Nice,,,Stade de la Beaujoire - Louis Fonteneau,,2026-01-25,https://fbref.com/en/stathead/matchup/teams/d7a486cd/132ebc33/Nantes-vs-Nice-History
J19,Marseille,Lens,,,Orange Vélodrome,,2026-01-25,https://fbref.com/en/stathead/matchup/teams/fd4e0f7d/5725cc7b/Lens-vs-Marseille-History
J19,Le Havre,Monaco,,,Stade Océane,,2026-01-25,https://fbref.com/en/stathead/matchup/teams/fd6114db/5c2737db/Monaco-vs-Le-Havre-History
J19,Paris FC,Angers,,,Stade Jean-Bouin,,2026-01-25,https://fbref.com/en/stathead/matchup/teams/69236f98/056a5a75/Angers-vs-Paris-FC-History
J19,Auxerre,Paris S-G,,,Stade de l'Abbé Deschamps,,2026-01-25,https://fbref.com/en/stathead/matchup/teams/e2d8892c/5ae09109/Paris-Saint-Germain-vs-Auxerre-History
J19,Rennes,Lorient,,,Roazhon Park,,2026-01-25,https://fbref.com/en/stathead/matchup/teams/d2c87802/b3072e00/Lorient-vs-Rennes-History
J20,Angers,Metz,,,Stade Raymond Kopa,,2026-02-01,https://fbref.com/en/stathead/matchup/teams/f83960ae/69236f98/Metz-vs-Angers-History
J20,Lyon,Lille,,,Groupama Stadium,,2026-02-01,https://fbref.com/en/stathead/matchup/teams/d53c0b06/cb188c0c/Lyon-vs-Lille-History
J20,Monaco,Rennes,,,Stade Louis II,,2026-02-01,https://fbref.com/en/stathead/matchup/teams/fd6114db/b3072e00/Monaco-vs-Rennes-History
J20,Toulouse,Auxerre,,,Stadium de Toulouse,,2026-02-01,https://fbref.com/en/stathead/matchup/teams/5ae09109/3f8c4b5f/Auxerre-vs-Toulouse-History
J20,Nice,Brest,,,Allianz Riviera,,2026-02-01,https://fbref.com/en/stathead/matchup/teams/fb08dbb3/132ebc33/Brest-vs-Nice-History
J20,Paris FC,Marseille,,,Stade Jean-Bouin,,2026-02-01,https://fbref.com/en/stathead/matchup/teams/5725cc7b/056a5a75/Marseille-vs-Paris-FC-History
J20,Lens,Le Havre,,,Stade Bollaert-Delelis,,2026-02-01,https://fbref.com/en/stathead/matchup/teams/fd4e0f7d/5c2737db/Lens-vs-Le-Havre-History
J20,Strasbourg,Paris S-G,,,Stade de la Meinau,,2026-02-01,https://fbref.com/en/stathead/matchup/teams/e2d8892c/c0d3eab4/Paris-Saint-Germain-vs-Strasbourg-History
J20,Lorient,Nantes,,,Stade Yves Allainmat,,2026-02-01,https://fbref.com/en/stathead/matchup/teams/d7a486cd/d2c87802/Nantes-vs-Lorient-History
J21,Nantes,Lyon,,,Stade de la Beaujoire - Louis Fonteneau,,2026-02-08,https://fbref.com/en/stathead/matchup/teams/d7a486cd/d53c0b06/Nantes-vs-Lyon-History
J21,Auxerre,Paris FC,,,Stade de l'Abbé Deschamps,,2026-02-08,https://fbref.com/en/stathead/matchup/teams/5ae09109/056a5a75/Auxerre-vs-Paris-FC-History
J21,Angers,Toulouse,,,Stade Raymond Kopa,,2026-02-08,https://fbref.com/en/stathead/matchup/teams/69236f98/3f8c4b5f/Angers-vs-Toulouse-History
J21,Brest,Lorient,,,Stade Francis-Le Blé,,2026-02-08,https://fbref.com/en/stathead/matchup/teams/fb08dbb3/d2c87802/Brest-vs-Lorient-History
J21,Nice,Monaco,,,Allianz Riviera,,2026-02-08,https://fbref.com/en/stathead/matchup/teams/fd6114db/132ebc33/Monaco-vs-Nice-History
J21,Lens,Rennes,,,Stade Bollaert-Delelis,,2026-02-08,https://fbref.com/en/stathead/matchup/teams/fd4e0f7d/b3072e00/Lens-vs-Rennes-History
J21,Le Havre,Strasbourg,,,Stade Océane,,2026-02-08,https://fbref.com/en/stathead/matchup/teams/c0d3eab4/5c2737db/Strasbourg-vs-Le-Havre-History
J21,Metz,Lille,,,Stade Saint-Symphorien,,2026-02-08,https://fbref.com/en/stathead/matchup/teams/f83960ae/cb188c0c/Metz-vs-Lille-History
J21,Paris S-G,Marseille,,,Parc des Princes,,2026-02-08,https://fbref.com/en/stathead/matchup/teams/e2d8892c/5725cc7b/Paris-Saint-Germain-vs-Marseille-History
J22,Lille,Brest,,,Decathlon Arena - Stade Pierre-Mauroy,,2026-02-15,https://fbref.com/en/stathead/matchup/teams/fb08dbb3/cb188c0c/Brest-vs-Lille-History
J22,Monaco,Nantes,,,Stade Louis II,,2026-02-15,https://fbref.com/en/stathead/matchup/teams/fd6114db/d7a486cd/Monaco-vs-Nantes-History
J22,Paris FC,Lens,,,Stade Jean-Bouin,,2026-02-15,https://fbref.com/en/stathead/matchup/teams/fd4e0f7d/056a5a75/Lens-vs-Paris-FC-History
J22,Rennes,Paris S-G,,,Roazhon Park,,2026-02-15,https://fbref.com/en/stathead/matchup/teams/e2d8892c/b3072e00/Paris-Saint-Germain-vs-Rennes-History
J22,Marseille,Strasbourg,,,Orange Vélodrome,,2026-02-15,https://fbref.com/en/stathead/matchup/teams/c0d3eab4/5725cc7b/Strasbourg-vs-Marseille-History
J22,Lorient,Angers,,,Stade Yves Allainmat,,2026-02-15,https://fbref.com/en/stathead/matchup/teams/d2c87802/69236f98/Lorient-vs-Angers-History
J22,Metz,Auxerre,,,Stade Saint-Symphorien,,2026-02-15,https://fbref.com/en/stathead/matchup/teams/f83960ae/5ae09109/Metz-vs-Auxerre-History
J22,Le Havre,Toulouse,,,Stade Océane,,2026-02-15,https://fbref.com/en/stathead/matchup/teams/5c2737db/3f8c4b5f/Le-Havre-vs-Toulouse-History
J22,Lyon,Nice,,,Groupama Stadium,,2026-02-15,https://fbref.com/en/stathead/matchup/teams/d53c0b06/132ebc33/Lyon-vs-Nice-History
J23,Paris S-G,Metz,,,Parc des Princes,,2026-02-22,https://fbref.com/en/stathead/matchup/teams/f83960ae/e2d8892c/Metz-vs-Paris-Saint-Germain-History
J23,Auxerre,Rennes,,,Stade de l'Abbé Deschamps,,2026-02-22,https://fbref.com/en/stathead/matchup/teams/b3072e00/5ae09109/Rennes-vs-Auxerre-History
J23,Toulouse,Paris FC,,,Stadium de Toulouse,,2026-02-22,https://fbref.com/en/stathead/matchup/teams/3f8c4b5f/056a5a75/Toulouse-vs-Paris-FC-History
J23,Nice,Lorient,,,Allianz Riviera,,2026-02-22,https://fbref.com/en/stathead/matchup/teams/d2c87802/132ebc33/Lorient-vs-Nice-History
J23,Angers,Lille,,,Stade Raymond Kopa,,2026-02-22,https://fbref.com/en/stathead/matchup/teams/cb188c0c/69236f98/Lille-vs-Angers-History
J23,Lens,Monaco,,,Stade Bollaert-Delelis,,2026-02-22,https://fbref.com/en/stathead/matchup/teams/fd6114db/fd4e0f7d/Monaco-vs-Lens-History
J23,Strasbourg,Lyon,,,Stade de la Meinau,,2026-02-22,https://fbref.com/en/stathead/matchup/teams/d53c0b06/c0d3eab4/Lyon-vs-Strasbourg-History
J23,Nantes,Le Havre,,,Stade de la Beaujoire - Louis Fonteneau,,2026-02-22,https://fbref.com/en/stathead/matchup/teams/d7a486cd/5c2737db/Nantes-vs-Le-Havre-History
J23,Brest,Marseille,,,Stade Francis-Le Blé,,2026-02-22,https://fbref.com/en/stathead/matchup/teams/fb08dbb3/5725cc7b/Brest-vs-Marseille-History
J24,Lorient,Auxerre,,,Stade Yves Allainmat,,2026-03-01,https://fbref.com/en/stathead/matchup/teams/d2c87802/5ae09109/Lorient-vs-Auxerre-History
J24,Paris FC,Nice,,,Stade Jean-Bouin,,2026-03-01,https://fbref.com/en/stathead/matchup/teams/132ebc33/056a5a75/Nice-vs-Paris-FC-History
J24,Rennes,Toulouse,,,Roazhon Park,,2026-03-01,https://fbref.com/en/stathead/matchup/teams/b3072e00/3f8c4b5f/Rennes-vs-Toulouse-History
J24,Strasbourg,Lens,,,Stade de la Meinau,,2026-03-01,https://fbref.com/en/stathead/matchup/teams/fd4e0f7d/c0d3eab4/Lens-vs-Strasbourg-History
J24,Lille,Nantes,,,Decathlon Arena - Stade Pierre-Mauroy,,2026-03-01,https://fbref.com/en/stathead/matchup/teams/d7a486cd/cb188c0c/Nantes-vs-Lille-History
J24,Metz,Brest,,,Stade Saint-Symphorien,,2026-03-01,https://fbref.com/en/stathead/matchup/teams/fb08dbb3/f83960ae/Brest-vs-Metz-History
J24,Le Havre,Paris S-G,,,Stade Océane,,2026-03-01,https://fbref.com/en/stathead/matchup/teams/e2d8892c/5c2737db/Paris-Saint-Germain-vs-Le-Havre-History
J24,Marseille,Lyon,,,Orange Vélodrome,,2026-03-01,https://fbref.com/en/stathead/matchup/teams/d53c0b06/5725cc7b/Choc-des-Olympiques-Lyon-vs-Marseille-History
J24,Monaco,Angers,,,Stade Louis II,,2026-03-01,https://fbref.com/en/stathead/matchup/teams/fd6114db/69236f98/Monaco-vs-Angers-History
J25,Lille,Lorient,,,Decathlon Arena - Stade Pierre-Mauroy,,2026-03-08,https://fbref.com/en/stathead/matchup/teams/d2c87802/cb188c0c/Lorient-vs-Lille-History
J25,Paris S-G,Monaco,,,Parc des Princes,,2026-03-08,https://fbref.com/en/stathead/matchup/teams/fd6114db/e2d8892c/Monaco-vs-Paris-Saint-Germain-History
J25,Auxerre,Strasbourg,,,Stade de l'Abbé Deschamps,,2026-03-08,https://fbref.com/en/stathead/matchup/teams/c0d3eab4/5ae09109/Strasbourg-vs-Auxerre-History
J25,Nantes,Angers,,,Stade de la Beaujoire - Louis Fonteneau,,2026-03-08,https://fbref.com/en/stathead/matchup/teams/d7a486cd/69236f98/Nantes-vs-Angers-History
J25,Brest,Le Havre,,,Stade Francis-Le Blé,,2026-03-08,https://fbref.com/en/stathead/matchup/teams/fb08dbb3/5c2737db/Brest-vs-Le-Havre-History
J25,Nice,Rennes,,,Allianz Riviera,,2026-03-08,https://fbref.com/en/stathead/matchup/teams/b3072e00/132ebc33/Rennes-vs-Nice-History
J25,Toulouse,Marseille,,,Stadium de Toulouse,,2026-03-08,https://fbref.com/en/stathead/matchup/teams/5725cc7b/3f8c4b5f/Marseille-vs-Toulouse-History
J25,Lyon,Paris FC,,,Groupama Stadium,,2026-03-08,https://fbref.com/en/stathead/matchup/teams/d53c0b06/056a5a75/Lyon-vs-Paris-FC-History
J25,Lens,Metz,,,Stade Bollaert-Delelis,,2026-03-08,https://fbref.com/en/stathead/matchup/teams/fd4e0f7d/f83960ae/Lens-vs-Metz-History
J26,Angers,Nice,,,Stade Raymond Kopa,,2026-03-15,https://fbref.com/en/stathead/matchup/teams/69236f98/132ebc33/Angers-vs-Nice-History
J26,Strasbourg,Paris FC,,,Stade de la Meinau,,2026-03-15,https://fbref.com/en/stathead/matchup/teams/c0d3eab4/056a5a75/Strasbourg-vs-Paris-FC-History
J26,Monaco,Brest,,,Stade Louis II,,2026-03-15,https://fbref.com/en/stathead/matchup/teams/fd6114db/fb08dbb3/Monaco-vs-Brest-History
J26,Metz,Toulouse,,,Stade Saint-Symphorien,,2026-03-15,https://fbref.com/en/stathead/matchup/teams/f83960ae/3f8c4b5f/Metz-vs-Toulouse-History
J26,Lorient,Lens,,,Stade Yves Allainmat,,2026-03-15,https://fbref.com/en/stathead/matchup/teams/fd4e0f7d/d2c87802/Lens-vs-Lorient-History
J26,Marseille,Auxerre,,,Orange Vélodrome,,2026-03-15,https://fbref.com/en/stathead/matchup/teams/5ae09109/5725cc7b/Auxerre-vs-Marseille-History
J26,Rennes,Lille,,,Roazhon Park,,2026-03-15,https://fbref.com/en/stathead/matchup/teams/cb188c0c/b3072e00/Lille-vs-Rennes-History
J26,Paris S-G,Nantes,,,Parc des Princes,,2026-03-15,https://fbref.com/en/stathead/matchup/teams/e2d8892c/d7a486cd/Paris-Saint-Germain-vs-Nantes-History
J26,Le Havre,Lyon,,,Stade Océane,,2026-03-15,https://fbref.com/en/stathead/matchup/teams/d53c0b06/5c2737db/Lyon-vs-Le-Havre-History
J27,Rennes,Metz,,,Roazhon Park,,2026-03-22,https://fbref.com/en/stathead/matchup/teams/f83960ae/b3072e00/Metz-vs-Rennes-History
J27,Nice,Paris S-G,,,Allianz Riviera,,2026-03-22,https://fbref.com/en/stathead/matchup/teams/e2d8892c/132ebc33/Paris-Saint-Germain-vs-Nice-History
J27,Auxerre,Brest,,,Stade de l'Abbé Deschamps,,2026-03-22,https://fbref.com/en/stathead/matchup/teams/fb08dbb3/5ae09109/Brest-vs-Auxerre-History
J27,Nantes,Strasbourg,,,Stade de la Beaujoire - Louis Fonteneau,,2026-03-22,https://fbref.com/en/stathead/matchup/teams/d7a486cd/c0d3eab4/Nantes-vs-Strasbourg-History
J27,Lyon,Monaco,,,Groupama Stadium,,2026-03-22,https://fbref.com/en/stathead/matchup/teams/fd6114db/d53c0b06/Monaco-vs-Lyon-History
J27,Marseille,Lille,,,Orange Vélodrome,,2026-03-22,https://fbref.com/en/stathead/matchup/teams/cb188c0c/5725cc7b/Lille-vs-Marseille-History
J27,Paris FC,Le Havre,,,Stade Jean-Bouin,,2026-03-22,https://fbref.com/en/stathead/matchup/teams/5c2737db/056a5a75/Le-Havre-vs-Paris-FC-History
J27,Lens,Angers,,,Stade Bollaert-Delelis,,2026-03-22,https://fbref.com/en/stathead/matchup/teams/fd4e0f7d/69236f98/Lens-vs-Angers-History
J27,Toulouse,Lorient,,,Stadium de Toulouse,,2026-03-22,https://fbref.com/en/stathead/matchup/teams/d2c87802/3f8c4b5f/Lorient-vs-Toulouse-History
J28,Le Havre,Auxerre,,,Stade Océane,,2026-04-05,https://fbref.com/en/stathead/matchup/teams/5c2737db/5ae09109/Le-Havre-vs-Auxerre-History
J28,Brest,Rennes,,,Stade Francis-Le Blé,,2026-04-05,https://fbref.com/en/stathead/matchup/teams/fb08dbb3/b3072e00/Brest-vs-Rennes-History
J28,Metz,Nantes,,,Stade Saint-Symphorien,,2026-04-05,https://fbref.com/en/stathead/matchup/teams/f83960ae/d7a486cd/Metz-vs-Nantes-History
J28,Strasbourg,Nice,,,Stade de la Meinau,,2026-04-05,https://fbref.com/en/stathead/matchup/teams/c0d3eab4/132ebc33/Strasbourg-vs-Nice-History
J28,Angers,Lyon,,,Stade Raymond Kopa,,2026-04-05,https://fbref.com/en/stathead/matchup/teams/d53c0b06/69236f98/Lyon-vs-Angers-History
J28,Monaco,Marseille,,,Stade Louis II,,2026-04-05,https://fbref.com/en/stathead/matchup/teams/fd6114db/5725cc7b/Monaco-vs-Marseille-History
J28,Lorient,Paris FC,,,Stade Yves Allainmat,,2026-04-05,https://fbref.com/en/stathead/matchup/teams/d2c87802/056a5a75/Lorient-vs-Paris-FC-History
J28,Paris S-G,Toulouse,,,Parc des Princes,,2026-04-05,https://fbref.com/en/stathead/matchup/teams/e2d8892c/3f8c4b5f/Paris-Saint-Germain-vs-Toulouse-History
J28,Lille,Lens,,,Decathlon Arena - Stade Pierre-Mauroy,,2026-04-05,https://fbref.com/en/stathead/matchup/teams/fd4e0f7d/cb188c0c/Lens-vs-Lille-History
J29,Paris FC,Monaco,,,Stade Jean-Bouin,,2026-04-12,https://fbref.com/en/stathead/matchup/teams/fd6114db/056a5a75/Monaco-vs-Paris-FC-History
J29,Brest,Strasbourg,,,Stade Francis-Le Blé,,2026-04-12,https://fbref.com/en/stathead/matchup/teams/fb08dbb3/c0d3eab4/Brest-vs-Strasbourg-History
J29,Nice,Le Havre,,,Allianz Riviera,,2026-04-12,https://fbref.com/en/stathead/matchup/teams/5c2737db/132ebc33/Le-Havre-vs-Nice-History
J29,Toulouse,Lille,,,Stadium de Toulouse,,2026-04-12,https://fbref.com/en/stathead/matchup/teams/cb188c0c/3f8c4b5f/Lille-vs-Toulouse-History
J29,Auxerre,Nantes,,,Stade de l'Abbé Deschamps,,2026-04-12,https://fbref.com/en/stathead/matchup/teams/d7a486cd/5ae09109/Nantes-vs-Auxerre-History
J29,Marseille,Metz,,,Orange Vélodrome,,2026-04-12,https://fbref.com/en/stathead/matchup/teams/f83960ae/5725cc7b/Metz-vs-Marseille-History
J29,Rennes,Angers,,,Roazhon Park,,2026-04-12,https://fbref.com/en/stathead/matchup/teams/b3072e00/69236f98/Rennes-vs-Angers-History
J29,Lyon,Lorient,,,Groupama Stadium,,2026-04-12,https://fbref.com/en/stathead/matchup/teams/d53c0b06/d2c87802/Lyon-vs-Lorient-History
J29,Lens,Paris S-G,,,Stade Bollaert-Delelis,,2026-04-12,https://fbref.com/en/stathead/matchup/teams/fd4e0f7d/e2d8892c/Lens-vs-Paris-Saint-Germain-History
J30,Lille,Nice,,,Decathlon Arena - Stade Pierre-Mauroy,,2026-04-19,https://fbref.com/en/stathead/matchup/teams/cb188c0c/132ebc33/Lille-vs-Nice-History
J30,Lorient,Marseille,,,Stade Yves Allainmat,,2026-04-19,https://fbref.com/en/stathead/matchup/teams/d2c87802/5725cc7b/Lorient-vs-Marseille-History
J30,Monaco,Auxerre,,,Stade Louis II,,2026-04-19,https://fbref.com/en/stathead/matchup/teams/fd6114db/5ae09109/Monaco-vs-Auxerre-History
J30,Strasbourg,Rennes,,,Stade de la Meinau,,2026-04-19,https://fbref.com/en/stathead/matchup/teams/c0d3eab4/b3072e00/Strasbourg-vs-Rennes-History
J30,Paris S-G,Lyon,,,Parc des Princes,,2026-04-19,https://fbref.com/en/stathead/matchup/teams/e2d8892c/d53c0b06/Paris-Saint-Germain-vs-Lyon-History
J30,Nantes,Brest,,,Stade de la Beaujoire - Louis Fonteneau,,2026-04-19,https://fbref.com/en/stathead/matchup/teams/fb08dbb3/d7a486cd/Brest-vs-Nantes-History
J30,Metz,Paris FC,,,Stade Saint-Symphorien,,2026-04-19,https://fbref.com/en/stathead/matchup/teams/f83960ae/056a5a75/Metz-vs-Paris-FC-History
J30,Lens,Toulouse,,,Stade Bollaert-Delelis,,2026-04-19,https://fbref.com/en/stathead/matchup/teams/fd4e0f7d/3f8c4b5f/Lens-vs-Toulouse-History
J30,Angers,Le Havre,,,Stade Raymond Kopa,,2026-04-19,https://fbref.com/en/stathead/matchup/teams/69236f98/5c2737db/Angers-vs-Le-Havre-History
J31,Brest,Lens,,,Stade Francis-Le Blé,,2026-04-26,https://fbref.com/en/stathead/matchup/teams/fd4e0f7d/fb08dbb3/Lens-vs-Brest-History
J31,Marseille,Nice,,,Orange Vélodrome,,2026-04-26,https://fbref.com/en/stathead/matchup/teams/5725cc7b/132ebc33/Marseille-vs-Nice-History
J31,Toulouse,Monaco,,,Stadium de Toulouse,,2026-04-26,https://fbref.com/en/stathead/matchup/teams/fd6114db/3f8c4b5f/Monaco-vs-Toulouse-History
J31,Le Havre,Metz,,,Stade Océane,,2026-04-26,https://fbref.com/en/stathead/matchup/teams/f83960ae/5c2737db/Metz-vs-Le-Havre-History
J31,Lyon,Auxerre,,,Groupama Stadium,,2026-04-26,https://fbref.com/en/stathead/matchup/teams/d53c0b06/5ae09109/Lyon-vs-Auxerre-History
J31,Lorient,Strasbourg,,,Stade Yves Allainmat,,2026-04-26,https://fbref.com/en/stathead/matchup/teams/d2c87802/c0d3eab4/Lorient-vs-Strasbourg-History
J31,Rennes,Nantes,,,Roazhon Park,,2026-04-26,https://fbref.com/en/stathead/matchup/teams/d7a486cd/b3072e00/Nantes-vs-Rennes-History
J31,Angers,Paris S-G,,,Stade Raymond Kopa,,2026-04-26,https://fbref.com/en/stathead/matchup/teams/e2d8892c/69236f98/Paris-Saint-Germain-vs-Angers-History
J31,Paris FC,Lille,,,Stade Jean-Bouin,,2026-04-26,https://fbref.com/en/stathead/matchup/teams/cb188c0c/056a5a75/Lille-vs-Paris-FC-History
J32,Metz,Monaco,,,Stade Saint-Symphorien,,2026-05-03,https://fbref.com/en/stathead/matchup/teams/fd6114db/f83960ae/Monaco-vs-Metz-History
J32,Lille,Le Havre,,,Decathlon Arena - Stade Pierre-Mauroy,,2026-05-03,https://fbref.com/en/stathead/matchup/teams/cb188c0c/5c2737db/Lille-vs-Le-Havre-History
J32,Lyon,Rennes,,,Groupama Stadium,,2026-05-03,https://fbref.com/en/stathead/matchup/teams/d53c0b06/b3072e00/Lyon-vs-Rennes-History
J32,Paris S-G,Lorient,,,Parc des Princes,,2026-05-03,https://fbref.com/en/stathead/matchup/teams/e2d8892c/d2c87802/Paris-Saint-Germain-vs-Lorient-History
J32,Nice,Lens,,,Allianz Riviera,,2026-05-03,https://fbref.com/en/stathead/matchup/teams/fd4e0f7d/132ebc33/Lens-vs-Nice-History
J32,Auxerre,Angers,,,Stade de l'Abbé Deschamps,,2026-05-03,https://fbref.com/en/stathead/matchup/teams/69236f98/5ae09109/Angers-vs-Auxerre-History
J32,Paris FC,Brest,,,Stade Jean-Bouin,,2026-05-03,https://fbref.com/en/stathead/matchup/teams/fb08dbb3/056a5a75/Brest-vs-Paris-FC-History
J32,Nantes,Marseille,,,Stade de la Beaujoire - Louis Fonteneau,,2026-05-03,https://fbref.com/en/stathead/matchup/teams/d7a486cd/5725cc7b/Nantes-vs-Marseille-History
J32,Strasbourg,Toulouse,,,Stade de la Meinau,,2026-05-03,https://fbref.com/en/stathead/matchup/teams/c0d3eab4/3f8c4b5f/Strasbourg-vs-Toulouse-History
J33,Toulouse,Lyon,,,Stadium de Toulouse,,2026-05-09,https://fbref.com/en/stathead/matchup/teams/d53c0b06/3f8c4b5f/Lyon-vs-Toulouse-History
J33,Le Havre,Marseille,,,Stade Océane,,2026-05-09,https://fbref.com/en/stathead/matchup/teams/5c2737db/5725cc7b/Le-Havre-vs-Marseille-History
J33,Paris S-G,Brest,,,Parc des Princes,,2026-05-09,https://fbref.com/en/stathead/matchup/teams/fb08dbb3/e2d8892c/Brest-vs-Paris-Saint-Germain-History
J33,Monaco,Lille,,,Stade Louis II,,2026-05-09,https://fbref.com/en/stathead/matchup/teams/fd6114db/cb188c0c/Monaco-vs-Lille-History
J33,Rennes,Paris FC,,,Roazhon Park,,2026-05-09,https://fbref.com/en/stathead/matchup/teams/b3072e00/056a5a75/Rennes-vs-Paris-FC-History
J33,Angers,Strasbourg,,,Stade Raymond Kopa,,2026-05-09,https://fbref.com/en/stathead/matchup/teams/c0d3eab4/69236f98/Strasbourg-vs-Angers-History
J33,Lens,Nantes,,,Stade Bollaert-Delelis,,2026-05-09,https://fbref.com/en/stathead/matchup/teams/fd4e0f7d/d7a486cd/Lens-vs-Nantes-History
J33,Metz,Lorient,,,Stade Saint-Symphorien,,2026-05-09,https://fbref.com/en/stathead/matchup/teams/f83960ae/d2c87802/Metz-vs-Lorient-History
J33,Auxerre,Nice,,,Stade de l'Abbé Deschamps,,2026-05-09,https://fbref.com/en/stathead/matchup/teams/5ae09109/132ebc33/Auxerre-vs-Nice-History
J34,Nantes,Toulouse,,,Stade de la Beaujoire - Louis Fonteneau,,2026-05-16,https://fbref.com/en/stathead/matchup/teams/d7a486cd/3f8c4b5f/Nantes-vs-Toulouse-History
J34,Lille,Auxerre,,,Decathlon Arena - Stade Pierre-Mauroy,,2026-05-16,https://fbref.com/en/stathead/matchup/teams/cb188c0c/5ae09109/Lille-vs-Auxerre-History
J34,Lyon,Lens,,,Groupama Stadium,,2026-05-16,https://fbref.com/en/stathead/matchup/teams/fd4e0f7d/d53c0b06/Lens-vs-Lyon-History
J34,Brest,Angers,,,Stade Francis-Le Blé,,2026-05-16,https://fbref.com/en/stathead/matchup/teams/fb08dbb3/69236f98/Brest-vs-Angers-History
J34,Lorient,Le Havre,,,Stade Yves Allainmat,,2026-05-16,https://fbref.com/en/stathead/matchup/teams/d2c87802/5c2737db/Lorient-vs-Le-Havre-History
J34,Marseille,Rennes,,,Orange Vélodrome,,2026-05-16,https://fbref.com/en/stathead/matchup/teams/b3072e00/5725cc7b/Rennes-vs-Marseille-History
J34,Nice,Metz,,,Allianz Riviera,,2026-05-16,https://fbref.com/en/stathead/matchup/teams/f83960ae/132ebc33/Metz-vs-Nice-History
J34,Strasbourg,Monaco,,,Stade de la Meinau,,2026-05-16,https://fbref.com/en/stathead/matchup/teams/fd6114db/c0d3eab4/Monaco-vs-Strasbourg-History
J34,Paris FC,Paris S-G,,,Stade Jean-Bouin,,2026-05-16,https://fbref.com/en/stathead/matchup/teams/e2d8892c/056a5a75/Paris-Saint-Germain-vs-Paris-FC-History
