Game Week,Home Team,Away Team,Score,Attendance,Venue,Referee,Date,URL
J1,Girona,Rayo Vallecano,1–3,"12,403",Estadi Municipal de Montilivi,Javier Alberola,2025-08-15,https://fbref.com/en/matches/12c8079e/Girona-Rayo-Vallecano-August-15-2025-La-Liga
J1,Villarreal,Oviedo,2–0,"18,333",Estadio de la Cerámica,Alejandro Muñíz,2025-08-15,https://fbref.com/en/matches/094ea75e/Villarreal-Oviedo-August-15-2025-La-Liga
J1,Mallorca,Barcelona,0–3,"23,318",Estadi Mallorca Son Moix,José Luis Munuera,2025-08-16,https://fbref.com/en/matches/64fa5074/Mallorca-Barcelona-August-16-2025-La-Liga
J1,Alavés,Levante,2–1,"12,837",Estadio de Mendizorroza,Miguel Sesma,2025-08-16,https://fbref.com/en/matches/a0d1ca80/Alaves-Levante-August-16-2025-La-Liga
J1,Valencia,Real Sociedad,1–1,"45,333",Estadio de Mestalla,Jose Maria Sánchez,2025-08-16,https://fbref.com/en/matches/06f5a9d0/Valencia-Real-Sociedad-August-16-2025-La-Liga
J1,Celta Vigo,Getafe,0–2,"20,530",Estadio Abanca Balaídos,Iosu Galech,2025-08-17,https://fbref.com/en/matches/16d1156b/Celta-Vigo-Getafe-August-17-2025-La-Liga
J1,Athletic Club,Sevilla,3–2,"49,134",San Mamés,Francisco Hernández,2025-08-17,https://fbref.com/en/matches/74a1258d/Athletic-Club-Sevilla-August-17-2025-La-Liga
J1,Espanyol,Atlético Madrid,2–1,"29,612",RCDE Stadium,Mateo Busquets,2025-08-17,https://fbref.com/en/matches/4ab0ead6/Espanyol-Atletico-Madrid-August-17-2025-La-Liga
J1,Elche,Betis,1–1,"28,585",Estadio Manuel Martínez Valero,Víctor García,2025-08-18,https://fbref.com/en/matches/717ca22c/Elche-Real-Betis-August-18-2025-La-Liga
J1,Real Madrid,Osasuna,1–0,"68,407",Estadio Santiago Bernabéu,Adrián Cordero,2025-08-19,https://fbref.com/en/matches/d34e407e/Real-Madrid-Osasuna-August-19-2025-La-Liga
J2,Betis,Alavés,1–0,"54,646",Estadio La Cartuja de Sevilla,Miguel Ángel Ortiz Arias,2025-08-22,https://fbref.com/en/matches/6ca13ea8/Real-Betis-Alaves-August-22-2025-La-Liga
J2,Mallorca,Celta Vigo,1–1,"16,274",Estadi Mallorca Son Moix,José Guzmán,2025-08-23,https://fbref.com/en/matches/cb91c0c1/Mallorca-Celta-Vigo-August-23-2025-La-Liga
J2,Atlético Madrid,Elche,1–1,"59,369",Riyadh Air Metropolitan Stadium,César Soto,2025-08-23,https://fbref.com/en/matches/11a8655e/Atletico-Madrid-Elche-August-23-2025-La-Liga
J2,Levante,Barcelona,2–3,"23,415",Estadio Ciudad de Valencia,Alejandro Hernández,2025-08-23,https://fbref.com/en/matches/28628853/Levante-Barcelona-August-23-2025-La-Liga
J2,Osasuna,Valencia,1–0,"21,226",Estadio El Sadar,Jesús Gil,2025-08-24,https://fbref.com/en/matches/e18c5fb3/Osasuna-Valencia-August-24-2025-La-Liga
J2,Villarreal,Girona,5–0,"18,195",Estadio de la Cerámica,Guillermo Cuadra,2025-08-24,https://fbref.com/en/matches/8a4d023a/Villarreal-Girona-August-24-2025-La-Liga
J2,Real Sociedad,Espanyol,2–2,"31,616",Reale Arena,Alejandro Quintero,2025-08-24,https://fbref.com/en/matches/1fc3309b/Real-Sociedad-Espanyol-August-24-2025-La-Liga
J2,Oviedo,Real Madrid,0–3,"29,758",Estadio Nuevo Carlos Tartiere,Ricardo de Burgos,2025-08-24,https://fbref.com/en/matches/fde70dd0/Oviedo-Real-Madrid-August-24-2025-La-Liga
J2,Athletic Club,Rayo Vallecano,1–0,"48,703",San Mamés,Juan Martínez,2025-08-25,https://fbref.com/en/matches/0fcd5ff0/Athletic-Club-Rayo-Vallecano-August-25-2025-La-Liga
J2,Sevilla,Getafe,1–2,"36,697",Estadio Ramón Sánchez Pizjuán,Isidro Díaz de Mera,2025-08-25,https://fbref.com/en/matches/205e01a7/Sevilla-Getafe-August-25-2025-La-Liga
J6,Celta Vigo,Betis,1–1,"20,302",Estadio Abanca Balaídos,Jesús Gil,2025-08-27,https://fbref.com/en/matches/d8457042/Celta-Vigo-Real-Betis-August-27-2025-La-Liga
J3,Elche,Levante,2–0,"26,936",Estadio Manuel Martínez Valero,Iosu Galech,2025-08-29,https://fbref.com/en/matches/1b1ae5a7/Elche-Levante-August-29-2025-La-Liga
J3,Valencia,Getafe,3–0,"45,449",Estadio de Mestalla,Francisco Hernández,2025-08-29,https://fbref.com/en/matches/abb1b26b/Valencia-Getafe-August-29-2025-La-Liga
J3,Alavés,Atlético Madrid,1–1,"18,042",Estadio de Mendizorroza,Víctor García,2025-08-30,https://fbref.com/en/matches/74cf6cb4/Alaves-Atletico-Madrid-August-30-2025-La-Liga
J3,Oviedo,Real Sociedad,1–0,"25,688",Estadio Nuevo Carlos Tartiere,Adrián Cordero,2025-08-30,https://fbref.com/en/matches/a87f3bf5/Oviedo-Real-Sociedad-August-30-2025-La-Liga
J3,Girona,Sevilla,0–2,"11,305",Estadi Municipal de Montilivi,Miguel Ángel Ortiz Arias,2025-08-30,https://fbref.com/en/matches/9bf5115e/Girona-Sevilla-August-30-2025-La-Liga
J3,Real Madrid,Mallorca,2–1,"72,699",Estadio Santiago Bernabéu,Jose Maria Sánchez,2025-08-30,https://fbref.com/en/matches/9c0a49c5/Real-Madrid-Mallorca-August-30-2025-La-Liga
J3,Celta Vigo,Villarreal,1–1,"20,172",Estadio Abanca Balaídos,Alejandro Quintero,2025-08-31,https://fbref.com/en/matches/5b403787/Celta-Vigo-Villarreal-August-31-2025-La-Liga
J3,Betis,Athletic Club,1–2,"65,222",Estadio La Cartuja de Sevilla,Isidro Díaz de Mera,2025-08-31,https://fbref.com/en/matches/d305cd4d/Real-Betis-Athletic-Club-August-31-2025-La-Liga
J3,Espanyol,Osasuna,1–0,"29,780",RCDE Stadium,Miguel Sesma,2025-08-31,https://fbref.com/en/matches/fedc1653/Espanyol-Osasuna-August-31-2025-La-Liga
J3,Rayo Vallecano,Barcelona,1–1,"14,438",Campo de Fútbol de Vallecas,Mateo Busquets,2025-08-31,https://fbref.com/en/matches/38c8e28a/Rayo-Vallecano-Barcelona-August-31-2025-La-Liga
J4,Sevilla,Elche,2–2,"37,331",Estadio Ramón Sánchez Pizjuán,Javier Alberola,2025-09-12,https://fbref.com/en/matches/13448b32/Sevilla-Elche-September-12-2025-La-Liga
J4,Getafe,Oviedo,2–0,"8,657",Coliseum Alfonso Pérez,José Guzmán,2025-09-13,https://fbref.com/en/matches/a25dff66/Getafe-Oviedo-September-13-2025-La-Liga
J4,Real Sociedad,Real Madrid,1–2,"36,958",Reale Arena,Jesús Gil,2025-09-13,https://fbref.com/en/matches/980d729f/Real-Sociedad-Real-Madrid-September-13-2025-La-Liga
J4,Athletic Club,Alavés,0–1,"49,136",San Mamés,Jose Maria Sánchez,2025-09-13,https://fbref.com/en/matches/7ac36542/Athletic-Club-Alaves-September-13-2025-La-Liga
J4,Atlético Madrid,Villarreal,2–0,"63,312",Riyadh Air Metropolitan Stadium,José Luis Munuera,2025-09-13,https://fbref.com/en/matches/a84e557e/Atletico-Madrid-Villarreal-September-13-2025-La-Liga
J4,Celta Vigo,Girona,1–1,"18,862",Estadio Abanca Balaídos,Adrián Cordero,2025-09-14,https://fbref.com/en/matches/43519521/Celta-Vigo-Girona-September-14-2025-La-Liga
J4,Levante,Betis,2–2,"21,938",Estadio Ciudad de Valencia,Alejandro Muñíz,2025-09-14,https://fbref.com/en/matches/a9cd9aa4/Levante-Real-Betis-September-14-2025-La-Liga
J4,Osasuna,Rayo Vallecano,2–0,"20,511",Estadio El Sadar,César Soto,2025-09-14,https://fbref.com/en/matches/ba5552a6/Osasuna-Rayo-Vallecano-September-14-2025-La-Liga
J4,Barcelona,Valencia,6–0,"5,862",Estadi Johan Cruyff,Guillermo Cuadra,2025-09-14,https://fbref.com/en/matches/2ed529d8/Barcelona-Valencia-September-14-2025-La-Liga
J4,Espanyol,Mallorca,3–2,"26,082",RCDE Stadium,Alejandro Hernández,2025-09-15,https://fbref.com/en/matches/d0c88999/Espanyol-Mallorca-September-15-2025-La-Liga
J5,Betis,Real Sociedad,3–1,"59,773",Estadio La Cartuja de Sevilla,Mateo Busquets,2025-09-19,https://fbref.com/en/matches/98cdf1bd/Real-Betis-Real-Sociedad-September-19-2025-La-Liga
J5,Girona,Levante,0–4,"11,048",Estadi Municipal de Montilivi,Alejandro Quintero,2025-09-20,https://fbref.com/en/matches/99926e5a/Girona-Levante-September-20-2025-La-Liga
J5,Real Madrid,Espanyol,2–0,"73,466",Estadio Santiago Bernabéu,Juan Martínez,2025-09-20,https://fbref.com/en/matches/965b0ab3/Real-Madrid-Espanyol-September-20-2025-La-Liga
J5,Alavés,Sevilla,1–2,"17,525",Estadio de Mendizorroza,Iosu Galech,2025-09-20,https://fbref.com/en/matches/b509a1bd/Alaves-Sevilla-September-20-2025-La-Liga
J5,Villarreal,Osasuna,2–1,"17,542",Estadio de la Cerámica,Isidro Díaz de Mera,2025-09-20,https://fbref.com/en/matches/dc81b56c/Villarreal-Osasuna-September-20-2025-La-Liga
J5,Valencia,Athletic Club,2–0,"46,004",Estadio de Mestalla,Miguel Ángel Ortiz Arias,2025-09-20,https://fbref.com/en/matches/d748045b/Valencia-Athletic-Club-September-20-2025-La-Liga
J5,Rayo Vallecano,Celta Vigo,1–1,"13,028",Campo de Fútbol de Vallecas,Víctor García,2025-09-21,https://fbref.com/en/matches/ec3f1f8d/Rayo-Vallecano-Celta-Vigo-September-21-2025-La-Liga
J5,Mallorca,Atlético Madrid,1–1,"21,027",Estadi Mallorca Son Moix,Francisco Hernández,2025-09-21,https://fbref.com/en/matches/9b780361/Mallorca-Atletico-Madrid-September-21-2025-La-Liga
J5,Elche,Oviedo,1–0,"27,235",Estadio Manuel Martínez Valero,Miguel Sesma,2025-09-21,https://fbref.com/en/matches/c533e103/Elche-Oviedo-September-21-2025-La-Liga
J5,Barcelona,Getafe,3–0,"5,711",Estadi Johan Cruyff,Ricardo de Burgos,2025-09-21,https://fbref.com/en/matches/0c64b4c3/Barcelona-Getafe-September-21-2025-La-Liga
J6,Espanyol,Valencia,2–2,"26,802",RCDE Stadium,José Guzmán,2025-09-23,https://fbref.com/en/matches/4866d782/Espanyol-Valencia-September-23-2025-La-Liga
J6,Athletic Club,Girona,1–1,"45,739",San Mamés,José Luis Munuera,2025-09-23,https://fbref.com/en/matches/c573f04e/Athletic-Club-Girona-September-23-2025-La-Liga
J6,Sevilla,Villarreal,1–2,"38,145",Estadio Ramón Sánchez Pizjuán,César Soto,2025-09-23,https://fbref.com/en/matches/c458c61d/Sevilla-Villarreal-September-23-2025-La-Liga
J6,Levante,Real Madrid,1–4,"23,361",Estadio Ciudad de Valencia,Isidro Díaz de Mera,2025-09-23,https://fbref.com/en/matches/74a8527b/Levante-Real-Madrid-September-23-2025-La-Liga
J6,Getafe,Alavés,1–1,"8,005",Coliseum Alfonso Pérez,Alejandro Quintero,2025-09-24,https://fbref.com/en/matches/eaae4ec9/Getafe-Alaves-September-24-2025-La-Liga
J6,Atlético Madrid,Rayo Vallecano,3–2,"54,098",Riyadh Air Metropolitan Stadium,Alejandro Hernández,2025-09-24,https://fbref.com/en/matches/16153495/Atletico-Madrid-Rayo-Vallecano-September-24-2025-La-Liga
J6,Real Sociedad,Mallorca,1–0,"22,442",Reale Arena,Iosu Galech,2025-09-24,https://fbref.com/en/matches/7c305a21/Real-Sociedad-Mallorca-September-24-2025-La-Liga
J6,Osasuna,Elche,1–1,"19,475",Estadio El Sadar,Adrián Cordero,2025-09-25,https://fbref.com/en/matches/f9d04c1d/Osasuna-Elche-September-25-2025-La-Liga
J6,Oviedo,Barcelona,1–3,"29,850",Estadio Nuevo Carlos Tartiere,Miguel Ángel Ortiz Arias,2025-09-25,https://fbref.com/en/matches/fa8efe81/Oviedo-Barcelona-September-25-2025-La-Liga
J7,Girona,Espanyol,0–0,"11,488",Estadi Municipal de Montilivi,Francisco Hernández,2025-09-26,https://fbref.com/en/matches/c3953d4e/Girona-Espanyol-September-26-2025-La-Liga
J7,Getafe,Levante,1–1,"7,749",Coliseum Alfonso Pérez,Mateo Busquets,2025-09-27,https://fbref.com/en/matches/8093d85d/Getafe-Levante-September-27-2025-La-Liga
J7,Atlético Madrid,Real Madrid,5–2,"69,167",Riyadh Air Metropolitan Stadium,Javier Alberola,2025-09-27,https://fbref.com/en/matches/33523b09/El-Derbi-Madrileno-Atletico-Madrid-Real-Madrid-September-27-2025-La-Liga
J7,Mallorca,Alavés,1–0,"16,275",Estadi Mallorca Son Moix,Adrián Cordero,2025-09-27,https://fbref.com/en/matches/61231d2f/Mallorca-Alaves-September-27-2025-La-Liga
J7,Villarreal,Athletic Club,1–0,"18,908",Estadio de la Cerámica,Miguel Sesma,2025-09-27,https://fbref.com/en/matches/69831ee1/Villarreal-Athletic-Club-September-27-2025-La-Liga
J7,Rayo Vallecano,Sevilla,0–1,"13,080",Campo de Fútbol de Vallecas,Jesús Gil,2025-09-28,https://fbref.com/en/matches/01a13602/Rayo-Vallecano-Sevilla-September-28-2025-La-Liga
J7,Elche,Celta Vigo,2–1,"26,708",Estadio Manuel Martínez Valero,Guillermo Cuadra,2025-09-28,https://fbref.com/en/matches/fdaa9b8b/Elche-Celta-Vigo-September-28-2025-La-Liga
J7,Barcelona,Real Sociedad,2–1,"50,103",Estadi Olímpic Lluís Companys,Alejandro Hernández,2025-09-28,https://fbref.com/en/matches/65ee8953/Barcelona-Real-Sociedad-September-28-2025-La-Liga
J7,Betis,Osasuna,2–0,"50,034",Estadio La Cartuja de Sevilla,Víctor García,2025-09-28,https://fbref.com/en/matches/a54a3fcb/Real-Betis-Osasuna-September-28-2025-La-Liga
J7,Valencia,Oviedo,1–2,"40,364",Estadio de Mestalla,Ricardo de Burgos,2025-09-30,https://fbref.com/en/matches/e405826e/Valencia-Oviedo-September-30-2025-La-Liga
J8,Osasuna,Getafe,2–1,"19,895",Estadio El Sadar,Javier Alberola,2025-10-03,https://fbref.com/en/matches/522fce4d/Osasuna-Getafe-October-3-2025-La-Liga
J8,Oviedo,Levante,0–2,"23,878",Estadio Nuevo Carlos Tartiere,José Luis Munuera,2025-10-04,https://fbref.com/en/matches/f534cd59/Oviedo-Levante-October-4-2025-La-Liga
J8,Girona,Valencia,2–1,"10,867",Estadi Municipal de Montilivi,Isidro Díaz de Mera,2025-10-04,https://fbref.com/en/matches/20544d69/Girona-Valencia-October-4-2025-La-Liga
J8,Athletic Club,Mallorca,2–1,"47,098",San Mamés,Alejandro Quintero,2025-10-04,https://fbref.com/en/matches/a0548327/Athletic-Club-Mallorca-October-4-2025-La-Liga
J8,Real Madrid,Villarreal,3–1,"75,216",Estadio Santiago Bernabéu,Guillermo Cuadra,2025-10-04,https://fbref.com/en/matches/2aff6c8b/Real-Madrid-Villarreal-October-4-2025-La-Liga
J8,Alavés,Elche,3–1,"16,203",Estadio de Mendizorroza,Miguel Ángel Ortiz Arias,2025-10-05,https://fbref.com/en/matches/35cfade6/Alaves-Elche-October-5-2025-La-Liga
J8,Sevilla,Barcelona,4–1,"41,040",Estadio Ramón Sánchez Pizjuán,Alejandro Muñíz,2025-10-05,https://fbref.com/en/matches/bc939aab/Sevilla-Barcelona-October-5-2025-La-Liga
J8,Espanyol,Betis,1–2,"32,778",RCDE Stadium,Iosu Galech,2025-10-05,https://fbref.com/en/matches/a8f0fd7e/Espanyol-Real-Betis-October-5-2025-La-Liga
J8,Real Sociedad,Rayo Vallecano,0–1,"31,189",Reale Arena,José Guzmán,2025-10-05,https://fbref.com/en/matches/301cda5f/Real-Sociedad-Rayo-Vallecano-October-5-2025-La-Liga
J8,Celta Vigo,Atlético Madrid,1–1,"20,877",Estadio Abanca Balaídos,César Soto,2025-10-05,https://fbref.com/en/matches/07058ac6/Celta-Vigo-Atletico-Madrid-October-5-2025-La-Liga
J9,Oviedo,Espanyol,0–2,"25,625",Estadio Nuevo Carlos Tartiere,Mateo Busquets,2025-10-17,https://fbref.com/en/matches/8dcc7a17/Oviedo-Espanyol-October-17-2025-La-Liga
J9,Sevilla,Mallorca,1–3,"37,008",Estadio Ramón Sánchez Pizjuán,Víctor García,2025-10-18,https://fbref.com/en/matches/feb28348/Sevilla-Mallorca-October-18-2025-La-Liga
J9,Barcelona,Girona,2–1,"43,172",Estadi Olímpic Lluís Companys,Jesús Gil,2025-10-18,https://fbref.com/en/matches/e1d1e807/Barcelona-Girona-October-18-2025-La-Liga
J9,Villarreal,Betis,2–2,"19,238",Estadio de la Cerámica,Francisco Hernández,2025-10-18,https://fbref.com/en/matches/2cb774e5/Villarreal-Real-Betis-October-18-2025-La-Liga
J9,Atlético Madrid,Osasuna,1–0,"62,884",Riyadh Air Metropolitan Stadium,Ricardo de Burgos,2025-10-18,https://fbref.com/en/matches/d8332af4/Atletico-Madrid-Osasuna-October-18-2025-La-Liga
J9,Elche,Athletic Club,0–0,"29,043",Estadio Manuel Martínez Valero,José Guzmán,2025-10-19,https://fbref.com/en/matches/f76197a8/Elche-Athletic-Club-October-19-2025-La-Liga
J9,Celta Vigo,Real Sociedad,1–1,"19,102",Estadio Abanca Balaídos,Juan Martínez,2025-10-19,https://fbref.com/en/matches/80c28734/Celta-Vigo-Real-Sociedad-October-19-2025-La-Liga
J9,Levante,Rayo Vallecano,0–3,"20,312",Estadio Ciudad de Valencia,Miguel Sesma,2025-10-19,https://fbref.com/en/matches/f38a8a8a/Levante-Rayo-Vallecano-October-19-2025-La-Liga
J9,Getafe,Real Madrid,0–1,"10,090",Coliseum Alfonso Pérez,José Luis Munuera,2025-10-19,https://fbref.com/en/matches/cc0d078a/Getafe-Real-Madrid-October-19-2025-La-Liga
J9,Alavés,Valencia,0–0,"15,564",Estadio de Mendizorroza,Iosu Galech,2025-10-20,https://fbref.com/en/matches/a11ac76d/Alaves-Valencia-October-20-2025-La-Liga
J10,Real Sociedad,Sevilla,2–1,"30,965",Reale Arena,Adrián Cordero,2025-10-24,https://fbref.com/en/matches/1de126e4/Real-Sociedad-Sevilla-October-24-2025-La-Liga
J10,Girona,Oviedo,3–3,"11,120",Estadi Municipal de Montilivi,Alejandro Muñíz,2025-10-25,https://fbref.com/en/matches/c0381411/Girona-Oviedo-October-25-2025-La-Liga
J10,Espanyol,Elche,1–0,"30,820",RCDE Stadium,Ricardo de Burgos,2025-10-25,https://fbref.com/en/matches/01f0d9f3/Espanyol-Elche-October-25-2025-La-Liga
J10,Athletic Club,Getafe,0–1,"47,749",San Mamés,Isidro Díaz de Mera,2025-10-25,https://fbref.com/en/matches/8ba16a61/Athletic-Club-Getafe-October-25-2025-La-Liga
J10,Valencia,Villarreal,0–2,"45,560",Estadio de Mestalla,Javier Alberola,2025-10-25,https://fbref.com/en/matches/8a811174/Valencia-Villarreal-October-25-2025-La-Liga
J10,Mallorca,Levante,1–1,"12,964",Estadi Mallorca Son Moix,Miguel Ángel Ortiz Arias,2025-10-26,https://fbref.com/en/matches/8aeb0904/Mallorca-Levante-October-26-2025-La-Liga
J10,Real Madrid,Barcelona,2–1,"78,107",Estadio Santiago Bernabéu,César Soto,2025-10-26,https://fbref.com/en/matches/9c9d1f09/El-Clasico-Real-Madrid-Barcelona-October-26-2025-La-Liga
J10,Osasuna,Celta Vigo,2–3,"20,065",Estadio El Sadar,Alejandro Hernández,2025-10-26,https://fbref.com/en/matches/da9da8f5/Osasuna-Celta-Vigo-October-26-2025-La-Liga
J10,Rayo Vallecano,Alavés,1–0,"11,734",Campo de Fútbol de Vallecas,Víctor García,2025-10-26,https://fbref.com/en/matches/1447fc04/Rayo-Vallecano-Alaves-October-26-2025-La-Liga
J10,Betis,Atlético Madrid,0–2,"57,537",Estadio La Cartuja de Sevilla,Juan Martínez,2025-10-27,https://fbref.com/en/matches/4ed4de50/Real-Betis-Atletico-Madrid-October-27-2025-La-Liga
J11,Getafe,Girona,2–1,"7,223",Coliseum Alfonso Pérez,Jose Maria Sánchez,2025-10-31,https://fbref.com/en/matches/5fd9bc05/Getafe-Girona-October-31-2025-La-Liga
J11,Villarreal,Rayo Vallecano,4–0,"17,022",Estadio de la Cerámica,Iosu Galech,2025-11-01,https://fbref.com/en/matches/5524deb2/Villarreal-Rayo-Vallecano-November-1-2025-La-Liga
J11,Atlético Madrid,Sevilla,3–0,"66,119",Riyadh Air Metropolitan Stadium,Francisco Hernández,2025-11-01,https://fbref.com/en/matches/25430036/Atletico-Madrid-Sevilla-November-1-2025-La-Liga
J11,Real Sociedad,Athletic Club,3–2,"37,685",Reale Arena,José Luis Munuera,2025-11-01,https://fbref.com/en/matches/78cc3134/Real-Sociedad-Athletic-Club-November-1-2025-La-Liga
J11,Real Madrid,Valencia,4–0,"74,796",Estadio Santiago Bernabéu,Mateo Busquets,2025-11-01,https://fbref.com/en/matches/5333666a/Real-Madrid-Valencia-November-1-2025-La-Liga
J11,Levante,Celta Vigo,1–2,"19,513",Estadio Ciudad de Valencia,Alejandro Quintero,2025-11-02,https://fbref.com/en/matches/44957334/Levante-Celta-Vigo-November-2-2025-La-Liga
J11,Alavés,Espanyol,2–1,"17,149",Estadio de Mendizorroza,Guillermo Cuadra,2025-11-02,https://fbref.com/en/matches/641ac213/Alaves-Espanyol-November-2-2025-La-Liga
J11,Barcelona,Elche,3–1,"44,370",Estadi Olímpic Lluís Companys,Miguel Sesma,2025-11-02,https://fbref.com/en/matches/3af93275/Barcelona-Elche-November-2-2025-La-Liga
J11,Betis,Mallorca,3–0,"54,747",Estadio La Cartuja de Sevilla,Jesús Gil,2025-11-02,https://fbref.com/en/matches/f12eb85f/Real-Betis-Mallorca-November-2-2025-La-Liga
J11,Oviedo,Osasuna,0–0,"23,795",Estadio Nuevo Carlos Tartiere,José Guzmán,2025-11-03,https://fbref.com/en/matches/1a73a7a7/Oviedo-Osasuna-November-3-2025-La-Liga
J12,Elche,Real Sociedad,1–1,"26,242",Estadio Manuel Martínez Valero,Isidro Díaz de Mera,2025-11-07,https://fbref.com/en/matches/7e562e60/Elche-Real-Sociedad-November-7-2025-La-Liga
J12,Girona,Alavés,1–0,"10,050",Estadi Municipal de Montilivi,Adrián Cordero,2025-11-08,https://fbref.com/en/matches/a9b7c284/Girona-Alaves-November-8-2025-La-Liga
J12,Sevilla,Osasuna,1–0,"35,169",Estadio Ramón Sánchez Pizjuán,Miguel Ángel Ortiz Arias,2025-11-08,https://fbref.com/en/matches/615a800e/Sevilla-Osasuna-November-8-2025-La-Liga
J12,Atlético Madrid,Levante,3–1,"60,119",Riyadh Air Metropolitan Stadium,Jesús Gil,2025-11-08,https://fbref.com/en/matches/8929b733/Atletico-Madrid-Levante-November-8-2025-La-Liga
J12,Espanyol,Villarreal,0–2,"29,540",RCDE Stadium,Alejandro Hernández,2025-11-08,https://fbref.com/en/matches/20adddf1/Espanyol-Villarreal-November-8-2025-La-Liga
J12,Athletic Club,Oviedo,1–0,"47,209",San Mamés,César Soto,2025-11-09,https://fbref.com/en/matches/7c8c63b7/Athletic-Club-Oviedo-November-9-2025-La-Liga
J12,Rayo Vallecano,Real Madrid,0–0,"14,468",Campo de Fútbol de Vallecas,Juan Martínez,2025-11-09,https://fbref.com/en/matches/3ecfed22/Rayo-Vallecano-Real-Madrid-November-9-2025-La-Liga
J12,Valencia,Betis,1–1,"45,820",Estadio de Mestalla,Víctor García,2025-11-09,https://fbref.com/en/matches/4d62f580/Valencia-Real-Betis-November-9-2025-La-Liga
J12,Mallorca,Getafe,1–0,"17,507",Estadi Mallorca Son Moix,Ricardo de Burgos,2025-11-09,https://fbref.com/en/matches/26d939ed/Mallorca-Getafe-November-9-2025-La-Liga
J12,Celta Vigo,Barcelona,2–4,"21,887",Estadio Abanca Balaídos,Javier Alberola,2025-11-09,https://fbref.com/en/matches/12962665/Celta-Vigo-Barcelona-November-9-2025-La-Liga
J13,Valencia,Levante,1–0,"46,302",Estadio de Mestalla,Alejandro Muñíz,2025-11-21,https://fbref.com/en/matches/108224dc/Valencia-Levante-November-21-2025-La-Liga
J13,Alavés,Celta Vigo,0–1,"16,582",Estadio de Mendizorroza,Juan Martínez,2025-11-22,https://fbref.com/en/matches/6cfad186/Alaves-Celta-Vigo-November-22-2025-La-Liga
J13,Barcelona,Athletic Club,4–0,"45,157",Spotify Camp Nou,Jose Maria Sánchez,2025-11-22,https://fbref.com/en/matches/4dfa8af6/Barcelona-Athletic-Club-November-22-2025-La-Liga
J13,Osasuna,Real Sociedad,1–3,"21,377",Estadio El Sadar,Mateo Busquets,2025-11-22,https://fbref.com/en/matches/5a54dd68/Osasuna-Real-Sociedad-November-22-2025-La-Liga
J13,Villarreal,Mallorca,2–1,"16,854",Estadio de la Cerámica,José Guzmán,2025-11-22,https://fbref.com/en/matches/420389dd/Villarreal-Mallorca-November-22-2025-La-Liga
J13,Oviedo,Rayo Vallecano,0–0,"23,684",Estadio Nuevo Carlos Tartiere,Alejandro Quintero,2025-11-23,https://fbref.com/en/matches/b71d49f4/Oviedo-Rayo-Vallecano-November-23-2025-La-Liga
J13,Betis,Girona,1–1,"64,268",Estadio La Cartuja de Sevilla,Iosu Galech,2025-11-23,https://fbref.com/en/matches/9741ae27/Real-Betis-Girona-November-23-2025-La-Liga
J13,Getafe,Atlético Madrid,0–1,"9,783",Coliseum Alfonso Pérez,Guillermo Cuadra,2025-11-23,https://fbref.com/en/matches/bbf0b969/Getafe-Atletico-Madrid-November-23-2025-La-Liga
J13,Elche,Real Madrid,2–2,"31,024",Estadio Manuel Martínez Valero,Francisco Hernández,2025-11-23,https://fbref.com/en/matches/5a7f1446/Elche-Real-Madrid-November-23-2025-La-Liga
J13,Espanyol,Sevilla,,,RCDE Stadium,,2025-11-24,https://fbref.com/en/stathead/matchup/teams/ad2be733/a8661628/Sevilla-vs-Espanyol-History
J14,Getafe,Elche,,,Coliseum Alfonso Pérez,,2025-11-28,https://fbref.com/en/stathead/matchup/teams/7848bd64/6c8b07df/Getafe-vs-Elche-History
J14,Mallorca,Osasuna,,,Estadi Mallorca Son Moix,,2025-11-29,https://fbref.com/en/stathead/matchup/teams/2aa12281/03c57e2b/Mallorca-vs-Osasuna-History
J14,Barcelona,Alavés,,,Spotify Camp Nou,,2025-11-29,https://fbref.com/en/stathead/matchup/teams/8d6fd021/206d90db/Alaves-vs-Barcelona-History
J14,Levante,Athletic Club,,,Estadio Ciudad de Valencia,,2025-11-29,https://fbref.com/en/stathead/matchup/teams/9800b6a1/2b390eca/Levante-vs-Athletic-Club-History
J14,Atlético Madrid,Oviedo,,,Riyadh Air Metropolitan Stadium,,2025-11-29,https://fbref.com/en/stathead/matchup/teams/db3b9613/ab358912/Atletico-Madrid-vs-Oviedo-History
J14,Real Sociedad,Villarreal,,,Reale Arena,,2025-11-30,https://fbref.com/en/stathead/matchup/teams/e31d1cd9/2a8183b3/Real-Sociedad-vs-Villarreal-History
J14,Sevilla,Betis,,,Estadio Ramón Sánchez Pizjuán,,2025-11-30,https://fbref.com/en/stathead/matchup/teams/fc536746/ad2be733/Real-Betis-vs-Sevilla-History
J14,Celta Vigo,Espanyol,,,Estadio Abanca Balaídos,,2025-11-30,https://fbref.com/en/stathead/matchup/teams/f25da7fb/a8661628/Celta-Vigo-vs-Espanyol-History
J14,Girona,Real Madrid,,,Estadi Municipal de Montilivi,,2025-11-30,https://fbref.com/en/stathead/matchup/teams/9024a00a/53a2f082/Girona-vs-Real-Madrid-History
J14,Rayo Vallecano,Valencia,,,Campo de Fútbol de Vallecas,,2025-12-01,https://fbref.com/en/stathead/matchup/teams/dcc91a7b/98e8af82/Valencia-vs-Rayo-Vallecano-History
J19,Barcelona,Atlético Madrid,,,Spotify Camp Nou,,2025-12-02,https://fbref.com/en/stathead/matchup/teams/db3b9613/206d90db/Atletico-Madrid-vs-Barcelona-History
J19,Athletic Club,Real Madrid,,,San Mamés,,2025-12-03,https://fbref.com/en/stathead/matchup/teams/53a2f082/2b390eca/Real-Madrid-vs-Athletic-Club-History
J15,Oviedo,Mallorca,,,Estadio Nuevo Carlos Tartiere,,2025-12-05,https://fbref.com/en/stathead/matchup/teams/ab358912/2aa12281/Oviedo-vs-Mallorca-History
J15,Villarreal,Getafe,,,Estadio de la Cerámica,,2025-12-06,https://fbref.com/en/stathead/matchup/teams/7848bd64/2a8183b3/Getafe-vs-Villarreal-History
J15,Alavés,Real Sociedad,,,Estadio de Mendizorroza,,2025-12-06,https://fbref.com/en/stathead/matchup/teams/e31d1cd9/8d6fd021/Real-Sociedad-vs-Alaves-History
J15,Betis,Barcelona,,,Estadio La Cartuja de Sevilla,,2025-12-06,https://fbref.com/en/stathead/matchup/teams/fc536746/206d90db/Real-Betis-vs-Barcelona-History
J15,Athletic Club,Atlético Madrid,,,San Mamés,,2025-12-06,https://fbref.com/en/stathead/matchup/teams/db3b9613/2b390eca/Atletico-Madrid-vs-Athletic-Club-History
J15,Elche,Girona,,,Estadio Manuel Martínez Valero,,2025-12-07,https://fbref.com/en/stathead/matchup/teams/9024a00a/6c8b07df/Girona-vs-Elche-History
J15,Valencia,Sevilla,,,Estadio de Mestalla,,2025-12-07,https://fbref.com/en/stathead/matchup/teams/dcc91a7b/ad2be733/Valencia-vs-Sevilla-History
J15,Espanyol,Rayo Vallecano,,,RCDE Stadium,,2025-12-07,https://fbref.com/en/stathead/matchup/teams/a8661628/98e8af82/Espanyol-vs-Rayo-Vallecano-History
J15,Real Madrid,Celta Vigo,,,Estadio Santiago Bernabéu,,2025-12-07,https://fbref.com/en/stathead/matchup/teams/f25da7fb/53a2f082/Celta-Vigo-vs-Real-Madrid-History
J15,Osasuna,Levante,,,Estadio El Sadar,,2025-12-08,https://fbref.com/en/stathead/matchup/teams/9800b6a1/03c57e2b/Levante-vs-Osasuna-History
J16,Real Sociedad,Girona,,,Reale Arena,,2025-12-12,https://fbref.com/en/stathead/matchup/teams/e31d1cd9/9024a00a/Real-Sociedad-vs-Girona-History
J16,Atlético Madrid,Valencia,,,Riyadh Air Metropolitan Stadium,,2025-12-13,https://fbref.com/en/stathead/matchup/teams/dcc91a7b/db3b9613/Valencia-vs-Atletico-Madrid-History
J16,Mallorca,Elche,,,Estadi Mallorca Son Moix,,2025-12-13,https://fbref.com/en/stathead/matchup/teams/6c8b07df/2aa12281/Elche-vs-Mallorca-History
J16,Barcelona,Osasuna,,,Spotify Camp Nou,,2025-12-13,https://fbref.com/en/stathead/matchup/teams/206d90db/03c57e2b/Barcelona-vs-Osasuna-History
J16,Getafe,Espanyol,,,Coliseum Alfonso Pérez,,2025-12-13,https://fbref.com/en/stathead/matchup/teams/a8661628/7848bd64/Espanyol-vs-Getafe-History
J16,Sevilla,Oviedo,,,Estadio Ramón Sánchez Pizjuán,,2025-12-14,https://fbref.com/en/stathead/matchup/teams/ad2be733/ab358912/Sevilla-vs-Oviedo-History
J16,Celta Vigo,Athletic Club,,,Estadio Abanca Balaídos,,2025-12-14,https://fbref.com/en/stathead/matchup/teams/f25da7fb/2b390eca/Celta-Vigo-vs-Athletic-Club-History
J16,Levante,Villarreal,,,Estadio Ciudad de Valencia,,2025-12-14,https://fbref.com/en/stathead/matchup/teams/9800b6a1/2a8183b3/Levante-vs-Villarreal-History
J16,Alavés,Real Madrid,,,Estadio de Mendizorroza,,2025-12-14,https://fbref.com/en/stathead/matchup/teams/8d6fd021/53a2f082/Alaves-vs-Real-Madrid-History
J16,Rayo Vallecano,Betis,,,Campo de Fútbol de Vallecas,,2025-12-15,https://fbref.com/en/stathead/matchup/teams/fc536746/98e8af82/Real-Betis-vs-Rayo-Vallecano-History
J17,Valencia,Mallorca,,,Estadio de Mestalla,,2025-12-19,https://fbref.com/en/stathead/matchup/teams/dcc91a7b/2aa12281/Valencia-vs-Mallorca-History
J17,Oviedo,Celta Vigo,,,Estadio Nuevo Carlos Tartiere,,2025-12-20,https://fbref.com/en/stathead/matchup/teams/f25da7fb/ab358912/Celta-Vigo-vs-Oviedo-History
J17,Levante,Real Sociedad,,,Estadio Ciudad de Valencia,,2025-12-20,https://fbref.com/en/stathead/matchup/teams/e31d1cd9/9800b6a1/Real-Sociedad-vs-Levante-History
J17,Osasuna,Alavés,,,Estadio El Sadar,,2025-12-20,https://fbref.com/en/stathead/matchup/teams/8d6fd021/03c57e2b/Alaves-vs-Osasuna-History
J17,Real Madrid,Sevilla,,,Estadio Santiago Bernabéu,,2025-12-20,https://fbref.com/en/stathead/matchup/teams/ad2be733/53a2f082/Sevilla-vs-Real-Madrid-History
J17,Girona,Atlético Madrid,,,Estadi Municipal de Montilivi,,2025-12-21,https://fbref.com/en/stathead/matchup/teams/db3b9613/9024a00a/Atletico-Madrid-vs-Girona-History
J17,Villarreal,Barcelona,,,Estadio de la Cerámica,,2025-12-21,https://fbref.com/en/stathead/matchup/teams/2a8183b3/206d90db/Villarreal-vs-Barcelona-History
J17,Elche,Rayo Vallecano,,,Estadio Manuel Martínez Valero,,2025-12-21,https://fbref.com/en/stathead/matchup/teams/98e8af82/6c8b07df/Rayo-Vallecano-vs-Elche-History
J17,Betis,Getafe,,,Estadio La Cartuja de Sevilla,,2025-12-21,https://fbref.com/en/stathead/matchup/teams/fc536746/7848bd64/Real-Betis-vs-Getafe-History
J17,Athletic Club,Espanyol,,,San Mamés,,2025-12-22,https://fbref.com/en/stathead/matchup/teams/a8661628/2b390eca/Espanyol-vs-Athletic-Club-History
J18,Real Sociedad,Atlético Madrid,,,Reale Arena,,2026-01-04,https://fbref.com/en/stathead/matchup/teams/e31d1cd9/db3b9613/Real-Sociedad-vs-Atletico-Madrid-History
J18,Elche,Villarreal,,,Estadio Manuel Martínez Valero,,2026-01-04,https://fbref.com/en/stathead/matchup/teams/6c8b07df/2a8183b3/Elche-vs-Villarreal-History
J18,Mallorca,Girona,,,Estadi Mallorca Son Moix,,2026-01-04,https://fbref.com/en/stathead/matchup/teams/9024a00a/2aa12281/Girona-vs-Mallorca-History
J18,Rayo Vallecano,Getafe,,,Campo de Fútbol de Vallecas,,2026-01-04,https://fbref.com/en/stathead/matchup/teams/98e8af82/7848bd64/Rayo-Vallecano-vs-Getafe-History
J18,Sevilla,Levante,,,Estadio Ramón Sánchez Pizjuán,,2026-01-04,https://fbref.com/en/stathead/matchup/teams/ad2be733/9800b6a1/Sevilla-vs-Levante-History
J18,Real Madrid,Betis,,,Estadio Santiago Bernabéu,,2026-01-04,https://fbref.com/en/stathead/matchup/teams/fc536746/53a2f082/Real-Betis-vs-Real-Madrid-History
J18,Osasuna,Athletic Club,,,Estadio El Sadar,,2026-01-04,https://fbref.com/en/stathead/matchup/teams/2b390eca/03c57e2b/Athletic-Club-vs-Osasuna-History
J18,Celta Vigo,Valencia,,,Estadio Abanca Balaídos,,2026-01-04,https://fbref.com/en/stathead/matchup/teams/f25da7fb/dcc91a7b/Celta-Vigo-vs-Valencia-History
J18,Alavés,Oviedo,,,Estadio de Mendizorroza,,2026-01-04,https://fbref.com/en/stathead/matchup/teams/ab358912/8d6fd021/Oviedo-vs-Alaves-History
J18,Espanyol,Barcelona,,,RCDE Stadium,,2026-01-04,https://fbref.com/en/stathead/matchup/teams/a8661628/206d90db/Espanyol-vs-Barcelona-History
J19,Girona,Osasuna,,,Estadi Municipal de Montilivi,,2026-01-11,https://fbref.com/en/stathead/matchup/teams/9024a00a/03c57e2b/Girona-vs-Osasuna-History
J19,Oviedo,Betis,,,Estadio Nuevo Carlos Tartiere,,2026-01-11,https://fbref.com/en/stathead/matchup/teams/fc536746/ab358912/Real-Betis-vs-Oviedo-History
J19,Levante,Espanyol,,,Estadio Ciudad de Valencia,,2026-01-11,https://fbref.com/en/stathead/matchup/teams/a8661628/9800b6a1/Espanyol-vs-Levante-History
J19,Sevilla,Celta Vigo,,,Estadio Ramón Sánchez Pizjuán,,2026-01-11,https://fbref.com/en/stathead/matchup/teams/f25da7fb/ad2be733/Celta-Vigo-vs-Sevilla-History
J19,Rayo Vallecano,Mallorca,,,Campo de Fútbol de Vallecas,,2026-01-11,https://fbref.com/en/stathead/matchup/teams/98e8af82/2aa12281/Rayo-Vallecano-vs-Mallorca-History
J19,Getafe,Real Sociedad,,,Coliseum Alfonso Pérez,,2026-01-11,https://fbref.com/en/stathead/matchup/teams/e31d1cd9/7848bd64/Real-Sociedad-vs-Getafe-History
J19,Villarreal,Alavés,,,Estadio de la Cerámica,,2026-01-11,https://fbref.com/en/stathead/matchup/teams/8d6fd021/2a8183b3/Alaves-vs-Villarreal-History
J19,Valencia,Elche,,,Estadio de Mestalla,,2026-01-11,https://fbref.com/en/stathead/matchup/teams/dcc91a7b/6c8b07df/Valencia-vs-Elche-History
J20,Celta Vigo,Rayo Vallecano,,,Estadio Abanca Balaídos,,2026-01-18,https://fbref.com/en/stathead/matchup/teams/f25da7fb/98e8af82/Celta-Vigo-vs-Rayo-Vallecano-History
J20,Real Sociedad,Barcelona,,,Reale Arena,,2026-01-18,https://fbref.com/en/stathead/matchup/teams/e31d1cd9/206d90db/Real-Sociedad-vs-Barcelona-History
J20,Espanyol,Girona,,,RCDE Stadium,,2026-01-18,https://fbref.com/en/stathead/matchup/teams/a8661628/9024a00a/Espanyol-vs-Girona-History
J20,Osasuna,Oviedo,,,Estadio El Sadar,,2026-01-18,https://fbref.com/en/stathead/matchup/teams/ab358912/03c57e2b/Oviedo-vs-Osasuna-History
J20,Real Madrid,Levante,,,Estadio Santiago Bernabéu,,2026-01-18,https://fbref.com/en/stathead/matchup/teams/9800b6a1/53a2f082/Levante-vs-Real-Madrid-History
J20,Getafe,Valencia,,,Coliseum Alfonso Pérez,,2026-01-18,https://fbref.com/en/stathead/matchup/teams/dcc91a7b/7848bd64/Valencia-vs-Getafe-History
J20,Betis,Villarreal,,,Estadio La Cartuja de Sevilla,,2026-01-18,https://fbref.com/en/stathead/matchup/teams/fc536746/2a8183b3/Real-Betis-vs-Villarreal-History
J20,Mallorca,Athletic Club,,,Estadi Mallorca Son Moix,,2026-01-18,https://fbref.com/en/stathead/matchup/teams/2b390eca/2aa12281/Athletic-Club-vs-Mallorca-History
J20,Atlético Madrid,Alavés,,,Riyadh Air Metropolitan Stadium,,2026-01-18,https://fbref.com/en/stathead/matchup/teams/db3b9613/8d6fd021/Atletico-Madrid-vs-Alaves-History
J20,Elche,Sevilla,,,Estadio Manuel Martínez Valero,,2026-01-18,https://fbref.com/en/stathead/matchup/teams/ad2be733/6c8b07df/Sevilla-vs-Elche-History
J21,Villarreal,Real Madrid,,,Estadio de la Cerámica,,2026-01-25,https://fbref.com/en/stathead/matchup/teams/53a2f082/2a8183b3/Real-Madrid-vs-Villarreal-History
J21,Girona,Getafe,,,Estadi Municipal de Montilivi,,2026-01-25,https://fbref.com/en/stathead/matchup/teams/9024a00a/7848bd64/Girona-vs-Getafe-History
J21,Valencia,Espanyol,,,Estadio de Mestalla,,2026-01-25,https://fbref.com/en/stathead/matchup/teams/dcc91a7b/a8661628/Valencia-vs-Espanyol-History
J21,Real Sociedad,Celta Vigo,,,Reale Arena,,2026-01-25,https://fbref.com/en/stathead/matchup/teams/f25da7fb/e31d1cd9/Celta-Vigo-vs-Real-Sociedad-History
J21,Atlético Madrid,Mallorca,,,Riyadh Air Metropolitan Stadium,,2026-01-25,https://fbref.com/en/stathead/matchup/teams/db3b9613/2aa12281/Atletico-Madrid-vs-Mallorca-History
J21,Barcelona,Oviedo,,,Spotify Camp Nou,,2026-01-25,https://fbref.com/en/stathead/matchup/teams/ab358912/206d90db/Oviedo-vs-Barcelona-History
J21,Rayo Vallecano,Osasuna,,,Campo de Fútbol de Vallecas,,2026-01-25,https://fbref.com/en/stathead/matchup/teams/98e8af82/03c57e2b/Rayo-Vallecano-vs-Osasuna-History
J21,Alavés,Betis,,,Estadio de Mendizorroza,,2026-01-25,https://fbref.com/en/stathead/matchup/teams/fc536746/8d6fd021/Real-Betis-vs-Alaves-History
J21,Sevilla,Athletic Club,,,Estadio Ramón Sánchez Pizjuán,,2026-01-25,https://fbref.com/en/stathead/matchup/teams/ad2be733/2b390eca/Sevilla-vs-Athletic-Club-History
J21,Levante,Elche,,,Estadio Ciudad de Valencia,,2026-01-25,https://fbref.com/en/stathead/matchup/teams/9800b6a1/6c8b07df/Levante-vs-Elche-History
J22,Athletic Club,Real Sociedad,,,San Mamés,,2026-02-01,https://fbref.com/en/stathead/matchup/teams/e31d1cd9/2b390eca/Real-Sociedad-vs-Athletic-Club-History
J22,Oviedo,Girona,,,Estadio Nuevo Carlos Tartiere,,2026-02-01,https://fbref.com/en/stathead/matchup/teams/ab358912/9024a00a/Oviedo-vs-Girona-History
J22,Levante,Atlético Madrid,,,Estadio Ciudad de Valencia,,2026-02-01,https://fbref.com/en/stathead/matchup/teams/db3b9613/9800b6a1/Atletico-Madrid-vs-Levante-History
J22,Mallorca,Sevilla,,,Estadi Mallorca Son Moix,,2026-02-01,https://fbref.com/en/stathead/matchup/teams/ad2be733/2aa12281/Sevilla-vs-Mallorca-History
J22,Elche,Barcelona,,,Estadio Manuel Martínez Valero,,2026-02-01,https://fbref.com/en/stathead/matchup/teams/6c8b07df/206d90db/Elche-vs-Barcelona-History
J22,Espanyol,Alavés,,,RCDE Stadium,,2026-02-01,https://fbref.com/en/stathead/matchup/teams/a8661628/8d6fd021/Espanyol-vs-Alaves-History
J22,Getafe,Celta Vigo,,,Coliseum Alfonso Pérez,,2026-02-01,https://fbref.com/en/stathead/matchup/teams/f25da7fb/7848bd64/Celta-Vigo-vs-Getafe-History
J22,Real Madrid,Rayo Vallecano,,,Estadio Santiago Bernabéu,,2026-02-01,https://fbref.com/en/stathead/matchup/teams/98e8af82/53a2f082/Rayo-Vallecano-vs-Real-Madrid-History
J22,Betis,Valencia,,,Estadio La Cartuja de Sevilla,,2026-02-01,https://fbref.com/en/stathead/matchup/teams/fc536746/dcc91a7b/Real-Betis-vs-Valencia-History
J22,Osasuna,Villarreal,,,Estadio El Sadar,,2026-02-01,https://fbref.com/en/stathead/matchup/teams/2a8183b3/03c57e2b/Villarreal-vs-Osasuna-History
J23,Celta Vigo,Osasuna,,,Estadio Abanca Balaídos,,2026-02-08,https://fbref.com/en/stathead/matchup/teams/f25da7fb/03c57e2b/Celta-Vigo-vs-Osasuna-History
J23,Athletic Club,Levante,,,San Mamés,,2026-02-08,https://fbref.com/en/stathead/matchup/teams/9800b6a1/2b390eca/Levante-vs-Athletic-Club-History
J23,Rayo Vallecano,Oviedo,,,Campo de Fútbol de Vallecas,,2026-02-08,https://fbref.com/en/stathead/matchup/teams/ab358912/98e8af82/Oviedo-vs-Rayo-Vallecano-History
J23,Alavés,Getafe,,,Estadio de Mendizorroza,,2026-02-08,https://fbref.com/en/stathead/matchup/teams/8d6fd021/7848bd64/Alaves-vs-Getafe-History
J23,Real Sociedad,Elche,,,Reale Arena,,2026-02-08,https://fbref.com/en/stathead/matchup/teams/e31d1cd9/6c8b07df/Real-Sociedad-vs-Elche-History
J23,Villarreal,Espanyol,,,Estadio de la Cerámica,,2026-02-08,https://fbref.com/en/stathead/matchup/teams/a8661628/2a8183b3/Espanyol-vs-Villarreal-History
J23,Atlético Madrid,Betis,,,Riyadh Air Metropolitan Stadium,,2026-02-08,https://fbref.com/en/stathead/matchup/teams/fc536746/db3b9613/Real-Betis-vs-Atletico-Madrid-History
J23,Barcelona,Mallorca,,,Spotify Camp Nou,,2026-02-08,https://fbref.com/en/stathead/matchup/teams/2aa12281/206d90db/Mallorca-vs-Barcelona-History
J23,Sevilla,Girona,,,Estadio Ramón Sánchez Pizjuán,,2026-02-08,https://fbref.com/en/stathead/matchup/teams/ad2be733/9024a00a/Sevilla-vs-Girona-History
J23,Valencia,Real Madrid,,,Estadio de Mestalla,,2026-02-08,https://fbref.com/en/stathead/matchup/teams/dcc91a7b/53a2f082/Valencia-vs-Real-Madrid-History
J24,Sevilla,Alavés,,,Estadio Ramón Sánchez Pizjuán,,2026-02-15,https://fbref.com/en/stathead/matchup/teams/ad2be733/8d6fd021/Sevilla-vs-Alaves-History
J24,Girona,Barcelona,,,Estadi Municipal de Montilivi,,2026-02-15,https://fbref.com/en/stathead/matchup/teams/9024a00a/206d90db/Girona-vs-Barcelona-History
J24,Espanyol,Celta Vigo,,,RCDE Stadium,,2026-02-15,https://fbref.com/en/stathead/matchup/teams/f25da7fb/a8661628/Celta-Vigo-vs-Espanyol-History
J24,Levante,Valencia,,,Estadio Ciudad de Valencia,,2026-02-15,https://fbref.com/en/stathead/matchup/teams/dcc91a7b/9800b6a1/Valencia-vs-Levante-History
J24,Mallorca,Betis,,,Estadi Mallorca Son Moix,,2026-02-15,https://fbref.com/en/stathead/matchup/teams/fc536746/2aa12281/Real-Betis-vs-Mallorca-History
J24,Elche,Osasuna,,,Estadio Manuel Martínez Valero,,2026-02-15,https://fbref.com/en/stathead/matchup/teams/6c8b07df/03c57e2b/Elche-vs-Osasuna-History
J24,Getafe,Villarreal,,,Coliseum Alfonso Pérez,,2026-02-15,https://fbref.com/en/stathead/matchup/teams/7848bd64/2a8183b3/Getafe-vs-Villarreal-History
J24,Real Madrid,Real Sociedad,,,Estadio Santiago Bernabéu,,2026-02-15,https://fbref.com/en/stathead/matchup/teams/e31d1cd9/53a2f082/Real-Sociedad-vs-Real-Madrid-History
J24,Oviedo,Athletic Club,,,Estadio Nuevo Carlos Tartiere,,2026-02-15,https://fbref.com/en/stathead/matchup/teams/ab358912/2b390eca/Oviedo-vs-Athletic-Club-History
J24,Rayo Vallecano,Atlético Madrid,,,Campo de Fútbol de Vallecas,,2026-02-15,https://fbref.com/en/stathead/matchup/teams/db3b9613/98e8af82/Atletico-Madrid-vs-Rayo-Vallecano-History
J25,Alavés,Girona,,,Estadio de Mendizorroza,,2026-02-22,https://fbref.com/en/stathead/matchup/teams/9024a00a/8d6fd021/Girona-vs-Alaves-History
J25,Athletic Club,Elche,,,San Mamés,,2026-02-22,https://fbref.com/en/stathead/matchup/teams/6c8b07df/2b390eca/Elche-vs-Athletic-Club-History
J25,Getafe,Sevilla,,,Coliseum Alfonso Pérez,,2026-02-22,https://fbref.com/en/stathead/matchup/teams/ad2be733/7848bd64/Sevilla-vs-Getafe-History
J25,Villarreal,Valencia,,,Estadio de la Cerámica,,2026-02-22,https://fbref.com/en/stathead/matchup/teams/dcc91a7b/2a8183b3/Valencia-vs-Villarreal-History
J25,Real Sociedad,Oviedo,,,Reale Arena,,2026-02-22,https://fbref.com/en/stathead/matchup/teams/e31d1cd9/ab358912/Real-Sociedad-vs-Oviedo-History
J25,Celta Vigo,Mallorca,,,Estadio Abanca Balaídos,,2026-02-22,https://fbref.com/en/stathead/matchup/teams/f25da7fb/2aa12281/Celta-Vigo-vs-Mallorca-History
J25,Atlético Madrid,Espanyol,,,Riyadh Air Metropolitan Stadium,,2026-02-22,https://fbref.com/en/stathead/matchup/teams/db3b9613/a8661628/Atletico-Madrid-vs-Espanyol-History
J25,Barcelona,Levante,,,Spotify Camp Nou,,2026-02-22,https://fbref.com/en/stathead/matchup/teams/9800b6a1/206d90db/Levante-vs-Barcelona-History
J25,Osasuna,Real Madrid,,,Estadio El Sadar,,2026-02-22,https://fbref.com/en/stathead/matchup/teams/53a2f082/03c57e2b/Real-Madrid-vs-Osasuna-History
J25,Betis,Rayo Vallecano,,,Estadio La Cartuja de Sevilla,,2026-02-22,https://fbref.com/en/stathead/matchup/teams/fc536746/98e8af82/Real-Betis-vs-Rayo-Vallecano-History
J26,Girona,Celta Vigo,,,Estadi Municipal de Montilivi,,2026-03-01,https://fbref.com/en/stathead/matchup/teams/f25da7fb/9024a00a/Celta-Vigo-vs-Girona-History
J26,Real Madrid,Getafe,,,Estadio Santiago Bernabéu,,2026-03-01,https://fbref.com/en/stathead/matchup/teams/7848bd64/53a2f082/Getafe-vs-Real-Madrid-History
J26,Rayo Vallecano,Athletic Club,,,Campo de Fútbol de Vallecas,,2026-03-01,https://fbref.com/en/stathead/matchup/teams/98e8af82/2b390eca/Rayo-Vallecano-vs-Athletic-Club-History
J26,Elche,Espanyol,,,Estadio Manuel Martínez Valero,,2026-03-01,https://fbref.com/en/stathead/matchup/teams/a8661628/6c8b07df/Espanyol-vs-Elche-History
J26,Barcelona,Villarreal,,,Spotify Camp Nou,,2026-03-01,https://fbref.com/en/stathead/matchup/teams/2a8183b3/206d90db/Villarreal-vs-Barcelona-History
J26,Levante,Alavés,,,Estadio Ciudad de Valencia,,2026-03-01,https://fbref.com/en/stathead/matchup/teams/9800b6a1/8d6fd021/Levante-vs-Alaves-History
J26,Mallorca,Real Sociedad,,,Estadi Mallorca Son Moix,,2026-03-01,https://fbref.com/en/stathead/matchup/teams/e31d1cd9/2aa12281/Real-Sociedad-vs-Mallorca-History
J26,Betis,Sevilla,,,Estadio La Cartuja de Sevilla,,2026-03-01,https://fbref.com/en/stathead/matchup/teams/fc536746/ad2be733/Real-Betis-vs-Sevilla-History
J26,Valencia,Osasuna,,,Estadio de Mestalla,,2026-03-01,https://fbref.com/en/stathead/matchup/teams/dcc91a7b/03c57e2b/Valencia-vs-Osasuna-History
J26,Oviedo,Atlético Madrid,,,Estadio Nuevo Carlos Tartiere,,2026-03-01,https://fbref.com/en/stathead/matchup/teams/db3b9613/ab358912/Atletico-Madrid-vs-Oviedo-History
J27,Espanyol,Oviedo,,,RCDE Stadium,,2026-03-08,https://fbref.com/en/stathead/matchup/teams/ab358912/a8661628/Oviedo-vs-Espanyol-History
J27,Athletic Club,Barcelona,,,San Mamés,,2026-03-08,https://fbref.com/en/stathead/matchup/teams/2b390eca/206d90db/Athletic-Club-vs-Barcelona-History
J27,Sevilla,Rayo Vallecano,,,Estadio Ramón Sánchez Pizjuán,,2026-03-08,https://fbref.com/en/stathead/matchup/teams/ad2be733/98e8af82/Sevilla-vs-Rayo-Vallecano-History
J27,Villarreal,Elche,,,Estadio de la Cerámica,,2026-03-08,https://fbref.com/en/stathead/matchup/teams/6c8b07df/2a8183b3/Elche-vs-Villarreal-History
J27,Levante,Girona,,,Estadio Ciudad de Valencia,,2026-03-08,https://fbref.com/en/stathead/matchup/teams/9800b6a1/9024a00a/Levante-vs-Girona-History
J27,Getafe,Betis,,,Coliseum Alfonso Pérez,,2026-03-08,https://fbref.com/en/stathead/matchup/teams/fc536746/7848bd64/Real-Betis-vs-Getafe-History
J27,Celta Vigo,Real Madrid,,,Estadio Abanca Balaídos,,2026-03-08,https://fbref.com/en/stathead/matchup/teams/f25da7fb/53a2f082/Celta-Vigo-vs-Real-Madrid-History
J27,Osasuna,Mallorca,,,Estadio El Sadar,,2026-03-08,https://fbref.com/en/stathead/matchup/teams/2aa12281/03c57e2b/Mallorca-vs-Osasuna-History
J27,Atlético Madrid,Real Sociedad,,,Riyadh Air Metropolitan Stadium,,2026-03-08,https://fbref.com/en/stathead/matchup/teams/e31d1cd9/db3b9613/Real-Sociedad-vs-Atletico-Madrid-History
J27,Valencia,Alavés,,,Estadio de Mestalla,,2026-03-08,https://fbref.com/en/stathead/matchup/teams/dcc91a7b/8d6fd021/Valencia-vs-Alaves-History
J28,Girona,Athletic Club,,,Estadi Municipal de Montilivi,,2026-03-15,https://fbref.com/en/stathead/matchup/teams/9024a00a/2b390eca/Girona-vs-Athletic-Club-History
J28,Alavés,Villarreal,,,Estadio de Mendizorroza,,2026-03-15,https://fbref.com/en/stathead/matchup/teams/8d6fd021/2a8183b3/Alaves-vs-Villarreal-History
J28,Mallorca,Espanyol,,,Estadi Mallorca Son Moix,,2026-03-15,https://fbref.com/en/stathead/matchup/teams/a8661628/2aa12281/Espanyol-vs-Mallorca-History
J28,Barcelona,Sevilla,,,Spotify Camp Nou,,2026-03-15,https://fbref.com/en/stathead/matchup/teams/ad2be733/206d90db/Sevilla-vs-Barcelona-History
J28,Oviedo,Valencia,,,Estadio Nuevo Carlos Tartiere,,2026-03-15,https://fbref.com/en/stathead/matchup/teams/dcc91a7b/ab358912/Valencia-vs-Oviedo-History
J28,Atlético Madrid,Getafe,,,Riyadh Air Metropolitan Stadium,,2026-03-15,https://fbref.com/en/stathead/matchup/teams/db3b9613/7848bd64/Atletico-Madrid-vs-Getafe-History
J28,Real Madrid,Elche,,,Estadio Santiago Bernabéu,,2026-03-15,https://fbref.com/en/stathead/matchup/teams/6c8b07df/53a2f082/Elche-vs-Real-Madrid-History
J28,Rayo Vallecano,Levante,,,Campo de Fútbol de Vallecas,,2026-03-15,https://fbref.com/en/stathead/matchup/teams/98e8af82/9800b6a1/Rayo-Vallecano-vs-Levante-History
J28,Betis,Celta Vigo,,,Estadio La Cartuja de Sevilla,,2026-03-15,https://fbref.com/en/stathead/matchup/teams/fc536746/f25da7fb/Real-Betis-vs-Celta-Vigo-History
J28,Real Sociedad,Osasuna,,,Reale Arena,,2026-03-15,https://fbref.com/en/stathead/matchup/teams/e31d1cd9/03c57e2b/Real-Sociedad-vs-Osasuna-History
J29,Levante,Oviedo,,,Estadio Ciudad de Valencia,,2026-03-22,https://fbref.com/en/stathead/matchup/teams/ab358912/9800b6a1/Oviedo-vs-Levante-History
J29,Barcelona,Rayo Vallecano,,,Spotify Camp Nou,,2026-03-22,https://fbref.com/en/stathead/matchup/teams/98e8af82/206d90db/Rayo-Vallecano-vs-Barcelona-History
J29,Sevilla,Valencia,,,Estadio Ramón Sánchez Pizjuán,,2026-03-22,https://fbref.com/en/stathead/matchup/teams/dcc91a7b/ad2be733/Valencia-vs-Sevilla-History
J29,Osasuna,Girona,,,Estadio El Sadar,,2026-03-22,https://fbref.com/en/stathead/matchup/teams/9024a00a/03c57e2b/Girona-vs-Osasuna-History
J29,Villarreal,Real Sociedad,,,Estadio de la Cerámica,,2026-03-22,https://fbref.com/en/stathead/matchup/teams/e31d1cd9/2a8183b3/Real-Sociedad-vs-Villarreal-History
J29,Espanyol,Getafe,,,RCDE Stadium,,2026-03-22,https://fbref.com/en/stathead/matchup/teams/a8661628/7848bd64/Espanyol-vs-Getafe-History
J29,Athletic Club,Betis,,,San Mamés,,2026-03-22,https://fbref.com/en/stathead/matchup/teams/fc536746/2b390eca/Real-Betis-vs-Athletic-Club-History
J29,Celta Vigo,Alavés,,,Estadio Abanca Balaídos,,2026-03-22,https://fbref.com/en/stathead/matchup/teams/f25da7fb/8d6fd021/Celta-Vigo-vs-Alaves-History
J29,Elche,Mallorca,,,Estadio Manuel Martínez Valero,,2026-03-22,https://fbref.com/en/stathead/matchup/teams/6c8b07df/2aa12281/Elche-vs-Mallorca-History
J29,Real Madrid,Atlético Madrid,,,Estadio Santiago Bernabéu,,2026-03-22,https://fbref.com/en/stathead/matchup/teams/db3b9613/53a2f082/El-Derbi-Madrileno-Atletico-Madrid-vs-Real-Madrid-History
J30,Real Sociedad,Levante,,,Reale Arena,,2026-04-05,https://fbref.com/en/stathead/matchup/teams/e31d1cd9/9800b6a1/Real-Sociedad-vs-Levante-History
J30,Mallorca,Real Madrid,,,Estadi Mallorca Son Moix,,2026-04-05,https://fbref.com/en/stathead/matchup/teams/53a2f082/2aa12281/Real-Madrid-vs-Mallorca-History
J30,Atlético Madrid,Barcelona,,,Riyadh Air Metropolitan Stadium,,2026-04-05,https://fbref.com/en/stathead/matchup/teams/db3b9613/206d90db/Atletico-Madrid-vs-Barcelona-History
J30,Valencia,Celta Vigo,,,Estadio de Mestalla,,2026-04-05,https://fbref.com/en/stathead/matchup/teams/f25da7fb/dcc91a7b/Celta-Vigo-vs-Valencia-History
J30,Oviedo,Sevilla,,,Estadio Nuevo Carlos Tartiere,,2026-04-05,https://fbref.com/en/stathead/matchup/teams/ad2be733/ab358912/Sevilla-vs-Oviedo-History
J30,Rayo Vallecano,Elche,,,Campo de Fútbol de Vallecas,,2026-04-05,https://fbref.com/en/stathead/matchup/teams/98e8af82/6c8b07df/Rayo-Vallecano-vs-Elche-History
J30,Getafe,Athletic Club,,,Coliseum Alfonso Pérez,,2026-04-05,https://fbref.com/en/stathead/matchup/teams/7848bd64/2b390eca/Getafe-vs-Athletic-Club-History
J30,Girona,Villarreal,,,Estadi Municipal de Montilivi,,2026-04-05,https://fbref.com/en/stathead/matchup/teams/9024a00a/2a8183b3/Girona-vs-Villarreal-History
J30,Alavés,Osasuna,,,Estadio de Mendizorroza,,2026-04-05,https://fbref.com/en/stathead/matchup/teams/8d6fd021/03c57e2b/Alaves-vs-Osasuna-History
J30,Betis,Espanyol,,,Estadio La Cartuja de Sevilla,,2026-04-05,https://fbref.com/en/stathead/matchup/teams/fc536746/a8661628/Real-Betis-vs-Espanyol-History
J31,Athletic Club,Villarreal,,,San Mamés,,2026-04-12,https://fbref.com/en/stathead/matchup/teams/2b390eca/2a8183b3/Athletic-Club-vs-Villarreal-History
J31,Real Sociedad,Alavés,,,Reale Arena,,2026-04-12,https://fbref.com/en/stathead/matchup/teams/e31d1cd9/8d6fd021/Real-Sociedad-vs-Alaves-History
J31,Mallorca,Rayo Vallecano,,,Estadi Mallorca Son Moix,,2026-04-12,https://fbref.com/en/stathead/matchup/teams/98e8af82/2aa12281/Rayo-Vallecano-vs-Mallorca-History
J31,Celta Vigo,Oviedo,,,Estadio Abanca Balaídos,,2026-04-12,https://fbref.com/en/stathead/matchup/teams/f25da7fb/ab358912/Celta-Vigo-vs-Oviedo-History
J31,Elche,Valencia,,,Estadio Manuel Martínez Valero,,2026-04-12,https://fbref.com/en/stathead/matchup/teams/dcc91a7b/6c8b07df/Valencia-vs-Elche-History
J31,Levante,Getafe,,,Estadio Ciudad de Valencia,,2026-04-12,https://fbref.com/en/stathead/matchup/teams/9800b6a1/7848bd64/Levante-vs-Getafe-History
J31,Osasuna,Betis,,,Estadio El Sadar,,2026-04-12,https://fbref.com/en/stathead/matchup/teams/fc536746/03c57e2b/Real-Betis-vs-Osasuna-History
J31,Real Madrid,Girona,,,Estadio Santiago Bernabéu,,2026-04-12,https://fbref.com/en/stathead/matchup/teams/9024a00a/53a2f082/Girona-vs-Real-Madrid-History
J31,Sevilla,Atlético Madrid,,,Estadio Ramón Sánchez Pizjuán,,2026-04-12,https://fbref.com/en/stathead/matchup/teams/db3b9613/ad2be733/Atletico-Madrid-vs-Sevilla-History
J31,Barcelona,Espanyol,,,Spotify Camp Nou,,2026-04-12,https://fbref.com/en/stathead/matchup/teams/a8661628/206d90db/Espanyol-vs-Barcelona-History
J32,Alavés,Mallorca,,,Estadio de Mendizorroza,,2026-04-19,https://fbref.com/en/stathead/matchup/teams/8d6fd021/2aa12281/Alaves-vs-Mallorca-History
J32,Villarreal,Celta Vigo,,,Estadio de la Cerámica,,2026-04-19,https://fbref.com/en/stathead/matchup/teams/f25da7fb/2a8183b3/Celta-Vigo-vs-Villarreal-History
J32,Betis,Real Madrid,,,Estadio La Cartuja de Sevilla,,2026-04-19,https://fbref.com/en/stathead/matchup/teams/fc536746/53a2f082/Real-Betis-vs-Real-Madrid-History
J32,Rayo Vallecano,Real Sociedad,,,Campo de Fútbol de Vallecas,,2026-04-19,https://fbref.com/en/stathead/matchup/teams/e31d1cd9/98e8af82/Real-Sociedad-vs-Rayo-Vallecano-History
J32,Valencia,Girona,,,Estadio de Mestalla,,2026-04-19,https://fbref.com/en/stathead/matchup/teams/dcc91a7b/9024a00a/Valencia-vs-Girona-History
J32,Espanyol,Levante,,,RCDE Stadium,,2026-04-19,https://fbref.com/en/stathead/matchup/teams/a8661628/9800b6a1/Espanyol-vs-Levante-History
J32,Oviedo,Elche,,,Estadio Nuevo Carlos Tartiere,,2026-04-19,https://fbref.com/en/stathead/matchup/teams/ab358912/6c8b07df/Oviedo-vs-Elche-History
J32,Getafe,Barcelona,,,Coliseum Alfonso Pérez,,2026-04-19,https://fbref.com/en/stathead/matchup/teams/7848bd64/206d90db/Getafe-vs-Barcelona-History
J32,Atlético Madrid,Athletic Club,,,Riyadh Air Metropolitan Stadium,,2026-04-19,https://fbref.com/en/stathead/matchup/teams/db3b9613/2b390eca/Atletico-Madrid-vs-Athletic-Club-History
J32,Osasuna,Sevilla,,,Estadio El Sadar,,2026-04-19,https://fbref.com/en/stathead/matchup/teams/ad2be733/03c57e2b/Sevilla-vs-Osasuna-History
J33,Real Madrid,Alavés,,,Estadio Santiago Bernabéu,,2026-04-22,https://fbref.com/en/stathead/matchup/teams/8d6fd021/53a2f082/Alaves-vs-Real-Madrid-History
J33,Girona,Betis,,,Estadi Municipal de Montilivi,,2026-04-22,https://fbref.com/en/stathead/matchup/teams/fc536746/9024a00a/Real-Betis-vs-Girona-History
J33,Mallorca,Valencia,,,Estadi Mallorca Son Moix,,2026-04-22,https://fbref.com/en/stathead/matchup/teams/dcc91a7b/2aa12281/Valencia-vs-Mallorca-History
J33,Real Sociedad,Getafe,,,Reale Arena,,2026-04-22,https://fbref.com/en/stathead/matchup/teams/e31d1cd9/7848bd64/Real-Sociedad-vs-Getafe-History
J33,Levante,Sevilla,,,Estadio Ciudad de Valencia,,2026-04-22,https://fbref.com/en/stathead/matchup/teams/ad2be733/9800b6a1/Sevilla-vs-Levante-History
J33,Athletic Club,Osasuna,,,San Mamés,,2026-04-22,https://fbref.com/en/stathead/matchup/teams/2b390eca/03c57e2b/Athletic-Club-vs-Osasuna-History
J33,Rayo Vallecano,Espanyol,,,Campo de Fútbol de Vallecas,,2026-04-22,https://fbref.com/en/stathead/matchup/teams/a8661628/98e8af82/Espanyol-vs-Rayo-Vallecano-History
J33,Oviedo,Villarreal,,,Estadio Nuevo Carlos Tartiere,,2026-04-22,https://fbref.com/en/stathead/matchup/teams/ab358912/2a8183b3/Oviedo-vs-Villarreal-History
J33,Elche,Atlético Madrid,,,Estadio Manuel Martínez Valero,,2026-04-22,https://fbref.com/en/stathead/matchup/teams/db3b9613/6c8b07df/Atletico-Madrid-vs-Elche-History
J33,Barcelona,Celta Vigo,,,Spotify Camp Nou,,2026-04-22,https://fbref.com/en/stathead/matchup/teams/f25da7fb/206d90db/Celta-Vigo-vs-Barcelona-History
J34,Betis,Oviedo,,,Estadio La Cartuja de Sevilla,,2026-05-03,https://fbref.com/en/stathead/matchup/teams/fc536746/ab358912/Real-Betis-vs-Oviedo-History
J34,Espanyol,Real Madrid,,,RCDE Stadium,,2026-05-03,https://fbref.com/en/stathead/matchup/teams/a8661628/53a2f082/Espanyol-vs-Real-Madrid-History
J34,Getafe,Rayo Vallecano,,,Coliseum Alfonso Pérez,,2026-05-03,https://fbref.com/en/stathead/matchup/teams/98e8af82/7848bd64/Rayo-Vallecano-vs-Getafe-History
J34,Sevilla,Real Sociedad,,,Estadio Ramón Sánchez Pizjuán,,2026-05-03,https://fbref.com/en/stathead/matchup/teams/e31d1cd9/ad2be733/Real-Sociedad-vs-Sevilla-History
J34,Alavés,Athletic Club,,,Estadio de Mendizorroza,,2026-05-03,https://fbref.com/en/stathead/matchup/teams/8d6fd021/2b390eca/Alaves-vs-Athletic-Club-History
J34,Villarreal,Levante,,,Estadio de la Cerámica,,2026-05-03,https://fbref.com/en/stathead/matchup/teams/9800b6a1/2a8183b3/Levante-vs-Villarreal-History
J34,Girona,Mallorca,,,Estadi Municipal de Montilivi,,2026-05-03,https://fbref.com/en/stathead/matchup/teams/9024a00a/2aa12281/Girona-vs-Mallorca-History
J34,Valencia,Atlético Madrid,,,Estadio de Mestalla,,2026-05-03,https://fbref.com/en/stathead/matchup/teams/dcc91a7b/db3b9613/Valencia-vs-Atletico-Madrid-History
J34,Celta Vigo,Elche,,,Estadio Abanca Balaídos,,2026-05-03,https://fbref.com/en/stathead/matchup/teams/f25da7fb/6c8b07df/Celta-Vigo-vs-Elche-History
J34,Osasuna,Barcelona,,,Estadio El Sadar,,2026-05-03,https://fbref.com/en/stathead/matchup/teams/206d90db/03c57e2b/Barcelona-vs-Osasuna-History
J35,Elche,Alavés,,,Estadio Manuel Martínez Valero,,2026-05-10,https://fbref.com/en/stathead/matchup/teams/8d6fd021/6c8b07df/Alaves-vs-Elche-History
J35,Atlético Madrid,Celta Vigo,,,Riyadh Air Metropolitan Stadium,,2026-05-10,https://fbref.com/en/stathead/matchup/teams/f25da7fb/db3b9613/Celta-Vigo-vs-Atletico-Madrid-History
J35,Sevilla,Espanyol,,,Estadio Ramón Sánchez Pizjuán,,2026-05-10,https://fbref.com/en/stathead/matchup/teams/ad2be733/a8661628/Sevilla-vs-Espanyol-History
J35,Mallorca,Villarreal,,,Estadi Mallorca Son Moix,,2026-05-10,https://fbref.com/en/stathead/matchup/teams/2aa12281/2a8183b3/Mallorca-vs-Villarreal-History
J35,Athletic Club,Valencia,,,San Mamés,,2026-05-10,https://fbref.com/en/stathead/matchup/teams/dcc91a7b/2b390eca/Valencia-vs-Athletic-Club-History
J35,Levante,Osasuna,,,Estadio Ciudad de Valencia,,2026-05-10,https://fbref.com/en/stathead/matchup/teams/9800b6a1/03c57e2b/Levante-vs-Osasuna-History
J35,Barcelona,Real Madrid,,,Spotify Camp Nou,,2026-05-10,https://fbref.com/en/stathead/matchup/teams/53a2f082/206d90db/El-Clasico-Real-Madrid-vs-Barcelona-History
J35,Rayo Vallecano,Girona,,,Campo de Fútbol de Vallecas,,2026-05-10,https://fbref.com/en/stathead/matchup/teams/98e8af82/9024a00a/Rayo-Vallecano-vs-Girona-History
J35,Oviedo,Getafe,,,Estadio Nuevo Carlos Tartiere,,2026-05-10,https://fbref.com/en/stathead/matchup/teams/ab358912/7848bd64/Oviedo-vs-Getafe-History
J35,Real Sociedad,Betis,,,Reale Arena,,2026-05-10,https://fbref.com/en/stathead/matchup/teams/fc536746/e31d1cd9/Real-Betis-vs-Real-Sociedad-History
J36,Espanyol,Athletic Club,,,RCDE Stadium,,2026-05-13,https://fbref.com/en/stathead/matchup/teams/a8661628/2b390eca/Espanyol-vs-Athletic-Club-History
J36,Alavés,Barcelona,,,Estadio de Mendizorroza,,2026-05-13,https://fbref.com/en/stathead/matchup/teams/8d6fd021/206d90db/Alaves-vs-Barcelona-History
J36,Celta Vigo,Levante,,,Estadio Abanca Balaídos,,2026-05-13,https://fbref.com/en/stathead/matchup/teams/f25da7fb/9800b6a1/Celta-Vigo-vs-Levante-History
J36,Girona,Real Sociedad,,,Estadi Municipal de Montilivi,,2026-05-13,https://fbref.com/en/stathead/matchup/teams/e31d1cd9/9024a00a/Real-Sociedad-vs-Girona-History
J36,Valencia,Rayo Vallecano,,,Estadio de Mestalla,,2026-05-13,https://fbref.com/en/stathead/matchup/teams/dcc91a7b/98e8af82/Valencia-vs-Rayo-Vallecano-History
J36,Villarreal,Sevilla,,,Estadio de la Cerámica,,2026-05-13,https://fbref.com/en/stathead/matchup/teams/ad2be733/2a8183b3/Sevilla-vs-Villarreal-History
J36,Getafe,Mallorca,,,Coliseum Alfonso Pérez,,2026-05-13,https://fbref.com/en/stathead/matchup/teams/7848bd64/2aa12281/Getafe-vs-Mallorca-History
J36,Osasuna,Atlético Madrid,,,Estadio El Sadar,,2026-05-13,https://fbref.com/en/stathead/matchup/teams/db3b9613/03c57e2b/Atletico-Madrid-vs-Osasuna-History
J36,Real Madrid,Oviedo,,,Estadio Santiago Bernabéu,,2026-05-13,https://fbref.com/en/stathead/matchup/teams/ab358912/53a2f082/Oviedo-vs-Real-Madrid-History
J36,Betis,Elche,,,Estadio La Cartuja de Sevilla,,2026-05-13,https://fbref.com/en/stathead/matchup/teams/fc536746/6c8b07df/Real-Betis-vs-Elche-History
J37,Real Sociedad,Valencia,,,Reale Arena,,2026-05-17,https://fbref.com/en/stathead/matchup/teams/e31d1cd9/dcc91a7b/Real-Sociedad-vs-Valencia-History
J37,Oviedo,Alavés,,,Estadio Nuevo Carlos Tartiere,,2026-05-17,https://fbref.com/en/stathead/matchup/teams/ab358912/8d6fd021/Oviedo-vs-Alaves-History
J37,Athletic Club,Celta Vigo,,,San Mamés,,2026-05-17,https://fbref.com/en/stathead/matchup/teams/f25da7fb/2b390eca/Celta-Vigo-vs-Athletic-Club-History
J37,Rayo Vallecano,Villarreal,,,Campo de Fútbol de Vallecas,,2026-05-17,https://fbref.com/en/stathead/matchup/teams/98e8af82/2a8183b3/Rayo-Vallecano-vs-Villarreal-History
J37,Barcelona,Betis,,,Spotify Camp Nou,,2026-05-17,https://fbref.com/en/stathead/matchup/teams/fc536746/206d90db/Real-Betis-vs-Barcelona-History
J37,Sevilla,Real Madrid,,,Estadio Ramón Sánchez Pizjuán,,2026-05-17,https://fbref.com/en/stathead/matchup/teams/ad2be733/53a2f082/Sevilla-vs-Real-Madrid-History
J37,Elche,Getafe,,,Estadio Manuel Martínez Valero,,2026-05-17,https://fbref.com/en/stathead/matchup/teams/7848bd64/6c8b07df/Getafe-vs-Elche-History
J37,Atlético Madrid,Girona,,,Riyadh Air Metropolitan Stadium,,2026-05-17,https://fbref.com/en/stathead/matchup/teams/db3b9613/9024a00a/Atletico-Madrid-vs-Girona-History
J37,Osasuna,Espanyol,,,Estadio El Sadar,,2026-05-17,https://fbref.com/en/stathead/matchup/teams/a8661628/03c57e2b/Espanyol-vs-Osasuna-History
J37,Levante,Mallorca,,,Estadio Ciudad de Valencia,,2026-05-17,https://fbref.com/en/stathead/matchup/teams/9800b6a1/2aa12281/Levante-vs-Mallorca-History
J38,Betis,Levante,,,Estadio La Cartuja de Sevilla,,2026-05-24,https://fbref.com/en/stathead/matchup/teams/fc536746/9800b6a1/Real-Betis-vs-Levante-History
J38,Villarreal,Atlético Madrid,,,Estadio de la Cerámica,,2026-05-24,https://fbref.com/en/stathead/matchup/teams/db3b9613/2a8183b3/Atletico-Madrid-vs-Villarreal-History
J38,Mallorca,Oviedo,,,Estadi Mallorca Son Moix,,2026-05-24,https://fbref.com/en/stathead/matchup/teams/ab358912/2aa12281/Oviedo-vs-Mallorca-History
J38,Girona,Elche,,,Estadi Municipal de Montilivi,,2026-05-24,https://fbref.com/en/stathead/matchup/teams/9024a00a/6c8b07df/Girona-vs-Elche-History
J38,Valencia,Barcelona,,,Estadio de Mestalla,,2026-05-24,https://fbref.com/en/stathead/matchup/teams/dcc91a7b/206d90db/Valencia-vs-Barcelona-History
J38,Espanyol,Real Sociedad,,,RCDE Stadium,,2026-05-24,https://fbref.com/en/stathead/matchup/teams/e31d1cd9/a8661628/Real-Sociedad-vs-Espanyol-History
J38,Getafe,Osasuna,,,Coliseum Alfonso Pérez,,2026-05-24,https://fbref.com/en/stathead/matchup/teams/7848bd64/03c57e2b/Getafe-vs-Osasuna-History
J38,Real Madrid,Athletic Club,,,Estadio Santiago Bernabéu,,2026-05-24,https://fbref.com/en/stathead/matchup/teams/53a2f082/2b390eca/Real-Madrid-vs-Athletic-Club-History
J38,Alavés,Rayo Vallecano,,,Estadio de Mendizorroza,,2026-05-24,https://fbref.com/en/stathead/matchup/teams/98e8af82/8d6fd021/Rayo-Vallecano-vs-Alaves-History
J38,Celta Vigo,Sevilla,,,Estadio Abanca Balaídos,,2026-05-24,https://fbref.com/en/stathead/matchup/teams/f25da7fb/ad2be733/Celta-Vigo-vs-Sevilla-History
